model,_micro_f1,_micro_k,MAP,MRR,R-Precision,P@5,R@5,F1@5,NDCG@5,MAP@5,MicroF1@5,P@6,R@6,F1@6,NDCG@6,MAP@6,MicroF1@6,P@7,R@7,F1@7,NDCG@7,MAP@7,MicroF1@7,P@8,R@8,F1@8,NDCG@8,MAP@8,MicroF1@8,P@9,R@9,F1@9,NDCG@9,MAP@9,MicroF1@9,P@10,R@10,F1@10,NDCG@10,MAP@10,MicroF1@10,P@11,R@11,F1@11,NDCG@11,MAP@11,MicroF1@11,P@15,R@15,F1@15,NDCG@15,MAP@15,MicroF1@15,P@20,R@20,F1@20,NDCG@20,MAP@20,MicroF1@20
H-ngram: TF-IDF-F Prec×3+Rati×2+Fact×1+Argu×1  n=9  scheme=augmented,44.5765,7,57.6446,77.7924,53.6262,51.6239,51.0665,42.5745,67.7712,59.7369,41.6265,48.6467,55.1466,43.1057,67.817,59.1085,43.5448,45.7875,58.0259,42.9011,67.7255,58.4012,44.484,42.6282,60.0399,41.9007,67.2288,57.3587,44.2473,39.6011,61.9079,40.6434,66.6851,56.2121,43.4149,37.094,63.1596,39.4868,66.3688,55.5763,42.5803,35.237,65.3445,38.7129,66.6731,55.4741,42.0686,29.0883,69.3246,35.0648,67.3258,55.5435,38.8804,23.9103,72.7453,31.2205,68.3047,56.0579,34.8218
H-ngram: TF-IDF-F Prec×3+Rati×2+Fact×1+Argu×1  n=10  scheme=binary,44.5765,7,57.2193,77.3485,53.6592,51.3675,50.6134,42.2601,67.293,59.2018,41.4197,48.3618,54.7406,42.7763,67.3415,58.6178,43.2898,45.7875,58.5816,42.988,67.6308,58.1646,44.484,42.3611,59.9871,41.6177,66.8624,56.9165,43.9701,39.6011,62.3227,40.7004,66.5483,55.9338,43.4149,37.0513,63.6055,39.5052,66.2346,55.2727,42.5313,35.1204,64.8193,38.5558,66.2735,55.1025,41.9295,29.1168,69.2321,35.1118,67.1073,55.2796,38.9185,23.6966,72.2246,30.9455,67.8444,55.5939,34.5107
H-ngram: TF-IDF-F Prec×3+Rati×2+Fact×1+Argu×1  n=7  scheme=binary,44.5171,7,57.5565,77.5726,53.6511,52.1368,51.2676,42.9203,68.0078,60.0749,42.04,48.5755,55.0311,43.0277,67.6991,58.993,43.481,45.7265,58.0938,42.871,67.6625,58.3726,44.4247,42.3611,59.9166,41.6769,67.0146,57.1084,43.9701,39.5537,62.3123,40.6755,66.6886,56.0999,43.3628,37.5641,63.9797,39.9369,66.7331,55.8939,43.1199,35.3147,65.1814,38.7652,66.6296,55.5293,42.1614,29.0598,69.0453,35.0435,67.2109,55.5258,38.8423,23.8889,72.8649,31.226,68.2756,56.033,34.7907
H-ngram: TF-IDF-F Prec×3+Rati×2+Fact×1+Argu×1  n=8  scheme=augmented,44.5171,7,57.626,77.6674,53.8821,51.8803,51.2398,42.7636,67.8768,59.846,41.8332,48.7892,55.2439,43.222,67.8507,59.0735,43.6723,45.7265,57.9697,42.8419,67.6315,58.2901,44.4247,42.6282,60.1249,41.8953,67.2001,57.265,44.2473,39.7911,62.0931,40.8309,66.7471,56.2462,43.6231,37.3077,63.3425,39.6664,66.4637,55.6889,42.8256,35.3147,65.4745,38.8066,66.6917,55.4985,42.1614,29.0598,69.2782,35.0276,67.2587,55.4838,38.8423,23.9957,73.0223,31.3578,68.3751,56.0912,34.9463
H-ngram: TF-IDF-F Prec×3+Rati×2+Fact×1+Argu×1  n=8  scheme=binary,44.5171,7,57.4365,77.7542,53.701,51.8803,51.1299,42.7412,67.8415,59.8033,41.8332,48.5043,54.9567,42.9537,67.6401,58.9348,43.4173,45.7265,58.1391,42.8878,67.6624,58.307,44.4247,42.4145,59.9263,41.7046,67.0395,57.0967,44.0255,39.4587,62.09,40.5426,66.5834,55.9861,43.2587,37.3077,63.812,39.7127,66.567,55.6502,42.8256,35.1981,64.9114,38.6376,66.4891,55.3654,42.0223,29.2023,69.305,35.1921,67.3126,55.5368,39.0327,23.8248,72.5542,31.1186,68.1372,55.8734,34.6974
H-ngram: TF-IDF-F Prec×3+Rati×2+Fact×1+Argu×1  n=4  scheme=augmented,44.5124,8,57.9048,78.5733,54.1473,52.906,51.6359,43.4091,68.6939,60.7431,42.6602,49.4302,56.2165,43.8319,68.6373,59.6417,44.2461,45.4823,58.3915,42.8005,67.8351,58.2401,44.1874,42.7885,61.1453,42.2294,67.722,57.5542,44.4136,39.981,62.7178,41.1057,67.1876,56.6204,43.8313,37.8632,64.3903,40.2479,67.1936,56.3728,43.4633,35.742,65.8522,39.2451,67.2215,56.0892,42.6716,29.0598,69.9725,35.1639,67.6875,55.7636,38.8423,23.9103,73.319,31.3277,68.6724,56.3048,34.8218
H-ngram: TF-IDF-F Prec×3+Rati×2+Fact×1+Argu×1  n=4  scheme=binary,44.4577,7,57.5377,77.6168,53.6527,52.906,51.6408,43.4202,68.4202,60.5328,42.6602,49.0741,55.263,43.4021,67.9255,59.2291,43.9273,45.6654,58.4266,42.9407,67.6551,58.1411,44.3654,42.5748,60.7863,42.0414,67.2475,57.2174,44.1918,39.886,62.7429,41.0188,66.8617,56.3163,43.7272,37.6923,64.2584,40.0885,66.7944,55.9948,43.2671,35.5478,65.9307,39.0639,66.8567,55.7095,42.4397,28.9744,69.6811,35.0509,67.2826,55.4886,38.7281,23.8248,72.7926,31.1742,68.1911,55.9938,34.6974
H-ngram: TF-IDF-F Prec×3+Rati×2+Fact×1+Argu×1  n=6  scheme=augmented,44.4577,7,57.6662,77.8221,54.0096,52.3077,51.6508,43.0512,68.1984,60.1267,42.1778,48.9316,55.7583,43.4327,68.0427,59.0913,43.7998,45.6654,58.3077,42.8645,67.6778,58.1945,44.3654,42.5214,60.3024,41.8385,67.1711,57.1293,44.1364,39.981,62.7008,41.0754,66.9699,56.3527,43.8313,37.6496,64.0542,40.0195,66.7963,55.9112,43.2181,35.4701,65.2229,38.8932,66.7278,55.5795,42.3469,29.2023,69.489,35.2124,67.3962,55.5833,39.0327,23.9744,72.868,31.3178,68.3546,56.1053,34.9152
H-ngram: TF-IDF-F Prec×3+Rati×2+Fact×1+Argu×1  n=7  scheme=augmented,44.4577,7,57.5712,77.6335,53.7749,52.0513,51.3348,42.8857,67.9336,59.8116,41.9711,48.7179,55.2122,43.1824,67.7558,58.912,43.6085,45.6654,57.8715,42.7701,67.5231,58.1486,44.3654,42.5748,60.062,41.8534,67.0906,57.1164,44.1918,39.7911,62.5044,40.8875,66.788,56.1662,43.6231,37.5214,63.888,39.8761,66.6422,55.7771,43.0709,35.4312,65.1728,38.8695,66.6293,55.4964,42.3006,29.0883,69.2531,35.0647,67.2199,55.4271,38.8804,23.953,73.0099,31.3046,68.2989,55.9924,34.8841
H-ngram: TF-IDF-F Prec×3+Rati×2+Fact×1+Argu×1  n=9  scheme=binary,44.4577,7,57.238,77.5263,53.7599,51.5385,50.8315,42.4429,67.4511,59.3448,41.5575,48.433,54.7834,42.8297,67.414,58.6796,43.3535,45.6654,58.1632,42.8593,67.4798,58.0403,44.3654,42.5214,60.0132,41.7954,66.9522,56.9638,44.1364,39.6486,62.3454,40.7357,66.5843,55.9619,43.4669,37.2222,63.7843,39.6709,66.3646,55.3835,42.7275,35.1593,64.846,38.5874,66.3076,55.1336,41.9759,29.1168,69.244,35.1205,67.111,55.2759,38.9185,23.8248,72.5688,31.1212,67.9959,55.6889,34.6974
H-ngram: TF-IDF-F Prec×3+Rati×2+Fact×1+Argu×1  n=5  scheme=augmented,44.4568,8,57.7373,78.1013,53.7131,52.735,51.768,43.287,68.5008,60.4833,42.5224,49.1453,55.8996,43.5993,68.2333,59.2682,43.9911,45.6044,58.5506,42.9294,67.759,58.1469,44.306,42.735,61.0621,42.1437,67.5248,57.3631,44.3582,40.076,62.7787,41.176,67.0878,56.4523,43.9355,37.6923,63.9915,40.0326,66.8576,56.013,43.2671,35.5866,65.3672,39.0109,66.8736,55.7295,42.4861,29.1738,69.7785,35.231,67.5188,55.6255,38.9947,24.0385,73.0441,31.4084,68.4991,56.2197,35.0086
H-ngram: TF-IDF-F Prec×3+Rati×2+Fact×1+Argu×1  n=6  scheme=binary,44.3388,7,57.5827,77.8196,53.5144,52.3077,51.3016,42.9997,68.1821,60.1413,42.1778,48.5043,54.9234,42.9467,67.7012,58.9117,43.4173,45.5433,57.9843,42.7366,67.5923,58.2206,44.2467,42.3611,59.8602,41.6633,67.0338,57.1154,43.9701,39.6011,61.9921,40.6936,66.6549,56.0903,43.4149,37.6068,64.2032,40.0151,66.8393,55.9454,43.169,35.4312,65.3486,38.8843,66.7614,55.5936,42.3006,29.1738,69.6946,35.2108,67.4532,55.6325,38.9947,23.8889,72.665,31.2061,68.2778,56.0532,34.7907
H-ngram: TF-IDF-F Prec×3+Rati×2+Fact×1+Argu×1  n=10  scheme=augmented,44.3388,7,57.5536,77.6397,53.6353,51.6239,51.0102,42.5359,67.6941,59.6109,41.6265,48.5755,55.1181,43.065,67.7041,58.9566,43.481,45.5433,57.8217,42.6814,67.5031,58.177,44.2467,42.5748,59.9924,41.8504,67.1308,57.2332,44.1918,39.6486,61.951,40.6877,66.6553,56.1624,43.4669,36.9658,62.9887,39.3412,66.2168,55.4092,42.4332,35.0427,64.7484,38.485,66.3886,55.247,41.8367,29.0883,69.2,35.0288,67.2346,55.4553,38.8804,23.8034,72.5532,31.0888,68.1553,55.9014,34.6663
H-ngram: TF-IDF-F Prec×3+Rati×2+Fact×1+Argu×1  n=9  scheme=log,44.2345,8,57.4408,78.2474,53.948,51.1966,49.588,41.9398,67.2754,59.3885,41.2819,47.792,53.2682,42.1162,66.9504,58.3149,42.7797,44.9939,57.2505,42.0795,67.1537,57.7233,43.7129,42.5214,60.1544,41.7393,67.1619,57.1238,44.1364,39.8386,62.4392,40.8687,66.8517,56.2477,43.6752,37.4359,63.809,39.7944,66.6253,55.6886,42.9728,35.237,64.8461,38.6332,66.4988,55.3199,42.0686,28.9459,69.4187,34.9712,67.2381,55.3594,38.69,23.7179,72.4884,31.0193,68.089,55.7868,34.5418
H-ngram: TF-IDF-F Prec×3+Rati×2+Fact×1+Argu×1  n=3  scheme=augmented,44.1789,8,57.4788,78.9005,53.9386,52.1368,50.7828,42.8827,67.9881,60.0375,42.04,48.9316,55.0186,43.3078,67.9669,59.1375,43.7998,45.2991,58.0288,42.6108,67.5493,57.9201,44.0095,42.4679,60.8087,41.9651,67.3615,57.1145,44.081,40.076,63.1651,41.252,67.2042,56.461,43.9355,37.735,64.645,40.2251,67.0672,56.0279,43.3162,35.5089,65.7309,39.0173,66.9569,55.6273,42.3933,28.7749,69.7406,34.8918,67.3624,55.3067,38.4615,23.6325,72.9543,31.0213,68.2921,55.8229,34.4173
H-ngram: TF-IDF-F Prec×3+Rati×2+Fact×1+Argu×1  n=5  scheme=binary,44.1789,8,57.6183,77.8009,53.5352,52.735,51.4973,43.2656,68.448,60.5123,42.5224,48.9316,55.3245,43.3405,67.9993,59.1349,43.7998,45.2991,57.8619,42.5776,67.4459,57.9998,44.0095,42.4679,60.3193,41.8816,67.1948,57.2175,44.081,39.7911,62.3072,40.8901,66.8265,56.2829,43.6231,37.6496,63.8633,40.0123,66.7829,55.9857,43.2181,35.5478,65.5064,39.0006,66.8594,55.7174,42.4397,29.3162,70.0199,35.3905,67.6118,55.7745,39.1851,23.8889,72.7819,31.2339,68.3208,56.0902,34.7907
H-ngram: TF-IDF-F Prec×3+Rati×2+Fact×1+Argu×1  n=10  scheme=log,44.1789,8,57.4535,78.0305,54.0657,51.2821,49.5173,41.9338,67.2972,59.4741,41.3508,47.7208,53.2322,42.0725,66.8986,58.2858,42.716,44.9939,57.4298,42.132,67.1966,57.8086,43.7129,42.4679,60.1215,41.6986,67.1281,57.1174,44.081,39.8386,62.4049,40.855,66.8445,56.304,43.6752,37.3932,63.6888,39.7469,66.5671,55.6859,42.9237,35.1981,64.8171,38.6149,66.4622,55.3074,42.0223,28.8889,69.3527,34.9131,67.1866,55.3408,38.6139,23.7393,72.4782,31.042,68.086,55.8157,34.5729
H-ngram: TF-IDF-F Prec×3+Rati×2+Fact×1+Argu×1  n=8  scheme=log,44.1234,8,57.3992,78.3139,53.8548,51.453,49.7049,42.0985,67.4072,59.5077,41.4886,47.9345,53.2684,42.1713,67.0086,58.3149,42.9072,44.9328,56.9442,41.9954,67.0313,57.6631,43.6536,42.4145,60.0997,41.6598,67.0757,57.035,44.0255,39.981,62.4358,40.9541,66.8831,56.2852,43.8313,37.3504,63.693,39.6916,66.5392,55.5599,42.8747,35.3924,65.1063,38.8169,66.6042,55.4087,42.2542,29.0313,69.6935,35.1,67.327,55.3874,38.8043,23.6966,72.4574,30.9987,68.0485,55.7215,34.5107
Baseline TF-IDF (orig docs),44.0908,9,59.0602,79.6009,54.7933,52.0513,51.2534,42.9189,68.8215,61.0467,41.9711,48.433,54.6776,42.8733,68.4164,59.909,43.3535,45.0549,57.9597,42.4296,68.1801,58.9451,43.7722,42.1474,60.857,41.751,67.9711,58.0176,43.7483,40.1235,63.3302,41.3693,68.0131,57.5753,43.9875,38.1624,65.977,40.7643,68.3604,57.4723,43.8067,36.1305,67.2394,39.7769,68.3704,57.2083,43.1354,29.3162,70.8011,35.5648,68.6769,56.9095,39.1851,23.8675,73.5169,31.3313,69.3814,57.262,34.7596
H-ngram: TF-IDF-F Prec×3+Rati×2+Fact×1+Argu×1  n=6  scheme=log,44.0678,8,57.3926,78.8157,53.2601,51.1966,49.4896,41.8784,67.3889,59.4004,41.2819,47.792,52.9201,42.0076,67.0054,58.3771,42.7797,44.6886,56.37,41.7023,66.9069,57.521,43.4164,42.3611,59.9146,41.6038,67.1436,57.0229,43.9701,39.6961,62.4267,40.7981,66.8614,56.1224,43.519,37.3077,63.7441,39.688,66.6411,55.578,42.8256,35.237,65.0424,38.6909,66.631,55.3276,42.0686,28.9459,69.549,35.0344,67.3525,55.3302,38.69,23.6966,72.7097,31.0511,68.2202,55.7465,34.5107
H-ngram: TF-IDF-F Prec×3+Rati×2+Fact×1+Argu×1  n=3  scheme=binary,44.0416,7,57.1256,78.2077,53.3178,52.3932,50.7716,43.0533,67.8743,59.9552,42.2467,48.5043,54.2314,42.9289,67.3327,58.5538,43.4173,45.2381,57.3308,42.5079,67.0886,57.6349,43.9502,42.3077,60.0955,41.7249,66.8637,56.7424,43.9146,39.886,62.6437,41.0519,66.7449,56.0649,43.7272,37.5214,64.8658,40.0834,66.7666,55.6362,43.0709,35.4701,66.2127,39.0469,66.8088,55.4081,42.3469,28.8604,69.7576,34.9554,67.1613,55.1501,38.5758,23.6325,72.9247,31.0168,68.0371,55.5629,34.4173
H-ngram: TF-IDF-F Prec×3+Rati×2+Fact×1+Argu×1  n=5  scheme=log,43.9011,8,57.0581,78.7819,53.2711,51.2821,49.5445,41.9339,67.2143,59.1185,41.3508,47.8632,52.8884,42.0121,66.8327,58.1453,42.8435,44.9328,56.5578,41.9115,66.8696,57.4122,43.6536,42.2009,59.9466,41.5591,66.8749,56.6711,43.8037,39.5062,62.2312,40.6013,66.5442,55.7632,43.3108,37.1795,63.6782,39.5994,66.3704,55.2506,42.6784,35.1593,64.9432,38.6103,66.3753,54.9713,41.9759,29.0598,69.8089,35.1565,67.2637,55.0915,38.8423,23.6111,72.72,30.951,67.9742,55.3775,34.3862
H-ngram: TF-IDF-F Prec×3+Rati×2+Fact×1+Argu×1  n=7  scheme=log,43.9011,8,57.4211,78.8179,53.4646,51.1966,49.502,41.8808,67.3499,59.3406,41.2819,47.792,53.1729,42.0533,67.0283,58.3019,42.7797,44.7497,56.3936,41.7832,66.8961,57.4794,43.4757,42.2009,60.031,41.4856,67.0594,56.8519,43.8037,39.8386,62.2216,40.7927,66.8469,56.175,43.6752,37.2222,64.0437,39.6401,66.6549,55.4825,42.7275,35.4701,65.6519,38.9455,66.8605,55.4301,42.3469,29.0598,69.7715,35.1523,67.4587,55.403,38.8423,23.7393,72.5443,31.0609,68.1957,55.7817,34.5729
H-grid: TF-IDF-F Prec×3 Ratio×2 Fact×1 Arg×1,43.8455,8,56.5111,78.5246,51.8559,51.6239,49.4681,42.0869,67.107,58.9504,41.6265,47.6496,53.0484,41.8617,66.5673,57.557,42.6522,44.3834,56.4583,41.5835,66.3696,56.6689,43.1198,42.1474,59.8607,41.5192,66.5926,56.2097,43.7483,39.2213,61.165,40.2405,65.9227,55.1242,42.9984,37.094,63.1117,39.4242,65.9725,54.803,42.5803,34.8096,64.248,38.2054,65.8283,54.3539,41.5584,28.9459,69.3421,35.0072,66.8677,54.505,38.69,23.3333,72.3149,30.6214,67.4784,54.6949,33.9816
H-ngram: TF-IDF-F Prec×3+Rati×2+Fact×1+Argu×1  n=4  scheme=log,43.8455,8,56.5111,78.5246,51.8559,51.6239,49.4681,42.0869,67.107,58.9504,41.6265,47.6496,53.0484,41.8617,66.5673,57.557,42.6522,44.3834,56.4583,41.5835,66.3696,56.6689,43.1198,42.1474,59.8607,41.5192,66.5926,56.2097,43.7483,39.2213,61.165,40.2405,65.9227,55.1242,42.9984,37.094,63.1117,39.4242,65.9725,54.803,42.5803,34.8096,64.248,38.2054,65.8283,54.3539,41.5584,28.9459,69.3421,35.0072,66.8677,54.505,38.69,23.3333,72.3149,30.6214,67.4784,54.6949,33.9816
H-grid: TF-IDF-F Prec×1 Ratio×2 Fact×1 Arg×1,43.7899,8,58.5245,80.4518,54.4723,51.453,50.7869,42.4252,68.7406,60.7995,41.4886,47.792,53.87,42.2441,68.2076,59.63,42.7797,44.3834,57.6267,41.8399,68.0853,58.5546,43.1198,42.094,60.5124,41.5518,68.1466,58.0168,43.6928,39.5062,62.4564,40.6459,67.8057,57.2035,43.3108,37.265,64.1296,39.7134,67.7492,56.8386,42.7766,35.3535,65.6503,38.8632,67.8773,56.6781,42.2078,28.6895,69.1784,34.7416,68.179,56.3957,38.3473,23.547,72.8656,30.9061,69.1824,56.845,34.2928
H-grid: TF-IDF-F Prec×2 Ratio×3 Fact×1 Arg×1,43.7899,8,58.205,80.0174,54.8543,51.2821,50.3196,42.1718,68.3532,60.4731,41.3508,47.792,54.0448,42.2246,68.0874,59.4071,42.7797,44.2613,57.4057,41.6262,67.7859,58.2574,43.0012,42.094,60.4453,41.4956,67.9496,57.8109,43.6928,39.6961,62.5301,40.8123,67.7119,57.1535,43.519,37.1368,63.7157,39.5744,67.3789,56.5054,42.6294,35.1593,65.4325,38.6883,67.5298,56.3336,41.9759,28.8034,69.5651,34.8868,68.1041,56.169,38.4996,23.3974,72.4347,30.7234,68.7912,56.4465,34.075
H2: TF-IDF-F Prec×2 + Ratio×2 + rest×1 (all 7 roles),43.6788,8,57.5626,78.1997,54.6498,51.5385,51.2569,42.6535,67.8425,59.6066,41.5575,47.9345,54.5984,42.5869,67.4304,58.5589,42.9072,44.8107,57.4709,42.1205,67.2536,57.6732,43.535,41.9872,60.1013,41.4375,67.0281,56.8827,43.5819,39.4587,62.9943,40.7558,66.9492,56.1591,43.2587,37.3504,64.4397,39.8523,66.8906,55.8644,42.8747,35.1981,65.7349,38.7654,66.8713,55.5748,42.0223,28.8319,69.9568,35.0075,67.4967,55.4962,38.5377,23.2692,72.2635,30.5838,67.9903,55.6558,33.8883
H-grid: TF-IDF-F Prec×2 Ratio×2 Fact×1 Arg×1,43.6788,8,57.501,79.2619,53.5133,51.3675,50.2923,42.1484,67.8248,59.7067,41.4197,47.8632,53.8291,42.2669,67.4716,58.6552,42.8435,44.6276,56.7799,41.8177,67.2157,57.7028,43.3571,41.9872,59.7138,41.3597,67.1402,56.9352,43.5819,39.6011,62.4151,40.7279,67.0564,56.3103,43.4149,37.2222,64.0447,39.6999,66.9248,55.821,42.7275,35.237,65.4728,38.7697,66.9801,55.5956,42.0686,28.8034,69.201,34.8831,67.4445,55.404,38.4996,23.4188,72.5708,30.7513,68.264,55.7284,34.1061
H-grid: TF-IDF-F Prec×2 Ratio×1 Fact×1 Arg×1,43.6232,8,56.4556,77.2002,52.0732,51.5385,49.835,42.0981,66.952,58.9031,41.5575,47.5071,53.1708,41.733,66.3364,57.4729,42.5247,44.2002,55.9962,41.333,65.9542,56.4771,42.9419,41.9338,59.2866,41.2962,66.1256,56.0046,43.5265,39.2213,60.7767,40.212,65.6115,55.1047,42.9984,36.8803,62.2309,39.1756,65.4475,54.5779,42.3351,34.7319,64.3699,38.2113,65.5934,54.2868,41.4657,28.7749,69.1114,34.8162,66.5151,54.4272,38.4615,23.2906,72.0327,30.5476,67.153,54.6079,33.9194
H3: TF-IDF-F Prec×3 + Ratio×3 + Fact×1 + Arg×1 (4 roles),43.5121,8,56.5146,78.2161,52.2329,51.0256,49.9643,41.8658,66.9295,58.6243,41.144,47.7208,53.7559,42.172,66.7201,57.639,42.716,44.3834,56.9605,41.6846,66.4856,56.6851,43.1198,41.8269,59.3005,41.128,66.2967,55.9557,43.4156,39.5062,62.0536,40.6034,66.2529,55.3352,43.3108,37.2222,63.808,39.6312,66.1789,54.8968,42.7275,35.1593,65.3132,38.6719,66.2281,54.6523,41.9759,28.8319,69.6065,34.9193,66.861,54.525,38.5377,23.2906,72.3108,30.5914,67.4515,54.7057,33.9194
H-grid: TF-IDF-F Prec×1 Ratio×1 Fact×1 Arg×1,43.5121,8,57.4634,78.8027,52.8783,51.1966,50.2908,42.0393,67.7365,59.8324,41.2819,47.2222,53.1669,41.6007,67.0232,58.3887,42.2697,44.5055,56.8964,41.7058,67.1737,57.7603,43.2384,41.8269,59.9594,41.2746,67.109,56.9939,43.4156,39.4112,61.7579,40.471,66.7969,56.2483,43.2067,36.9231,63.2436,39.3494,66.5728,55.6584,42.3841,34.8873,64.4011,38.315,66.5453,55.4295,41.6512,28.7179,69.2227,34.76,67.3807,55.4353,38.3854,23.2051,72.0194,30.4495,67.9653,55.5967,33.7949
H-grid: TF-IDF-F Prec×3 Ratio×3 Fact×1 Arg×1,43.5121,8,56.5146,78.2161,52.2329,51.0256,49.9643,41.8658,66.9295,58.6243,41.144,47.7208,53.7559,42.172,66.7201,57.639,42.716,44.3834,56.9605,41.6846,66.4856,56.6851,43.1198,41.8269,59.3005,41.128,66.2967,55.9557,43.4156,39.5062,62.0536,40.6034,66.2529,55.3352,43.3108,37.2222,63.808,39.6312,66.1789,54.8968,42.7275,35.1593,65.3132,38.6719,66.2281,54.6523,41.9759,28.8319,69.6065,34.9193,66.861,54.525,38.5377,23.2906,72.3108,30.5914,67.4515,54.7057,33.9194
H-grid: TF-IDF-F Prec×1 Ratio×3 Fact×1 Arg×1,43.3878,7,58.5435,80.5672,55.2219,51.3675,50.9324,42.3676,68.8142,60.8663,41.4197,47.9345,54.3171,42.4497,68.449,59.759,42.9072,44.5665,57.5367,41.9372,68.2143,58.7619,43.2977,41.6667,59.7842,41.0443,67.847,57.7804,43.2492,39.3637,62.2458,40.5131,67.7425,57.1817,43.1546,37.3077,64.1785,39.7626,67.8269,56.9401,42.8256,35.1204,65.3069,38.6259,67.7346,56.5741,41.9295,28.7464,69.7637,34.8714,68.3782,56.5002,38.4235,23.4829,72.4342,30.7641,69.0824,56.8539,34.1995
H4: TF-IDF-F Prec×5 + Ratio×3 + Fact×1 + Arg×1,43.2898,8,56.133,78.604,51.3136,51.1966,49.1886,41.7119,66.8367,58.5299,41.2819,47.2222,52.8593,41.6285,66.2311,56.9881,42.2697,44.2613,55.7685,41.3903,66.0344,56.2975,43.0012,41.6132,58.9822,40.9838,66.0279,55.6312,43.1938,39.0788,60.6517,40.0709,65.6165,54.8128,42.8423,36.7094,62.2775,39.0098,65.4659,54.3102,42.1388,34.7708,63.902,38.2198,65.5764,54.0428,41.5121,28.7749,69.1646,34.8207,66.5909,54.1185,38.4615,23.3761,72.1893,30.6782,67.3194,54.4446,34.0439
H-grid: TF-IDF-F Prec×5 Ratio×3 Fact×1 Arg×1,43.2898,8,56.133,78.604,51.3136,51.1966,49.1886,41.7119,66.8367,58.5299,41.2819,47.2222,52.8593,41.6285,66.2311,56.9881,42.2697,44.2613,55.7685,41.3903,66.0344,56.2975,43.0012,41.6132,58.9822,40.9838,66.0279,55.6312,43.1938,39.0788,60.6517,40.0709,65.6165,54.8128,42.8423,36.7094,62.2775,39.0098,65.4659,54.3102,42.1388,34.7708,63.902,38.2198,65.5764,54.0428,41.5121,28.7749,69.1646,34.8207,66.5909,54.1185,38.4615,23.3761,72.1893,30.6782,67.3194,54.4446,34.0439
H-ngram: TF-IDF-F Prec×3+Rati×2+Fact×1+Argu×1  n=2  scheme=augmented,43.0675,8,55.3388,78.0582,50.7856,50.9402,49.8994,41.9293,66.6421,58.2031,41.0751,47.2222,53.8648,42.0566,66.2807,56.9778,42.2697,44.0171,56.7525,41.5543,66.0042,56.1299,42.7639,41.3996,59.1808,40.9871,65.8118,55.4604,42.972,38.5565,60.6171,39.7229,65.2298,54.424,42.2697,36.1538,62.3429,38.6787,65.0769,53.8454,41.5011,33.8772,63.6324,37.4448,64.9498,53.3724,40.4453,27.6638,67.5587,33.6059,65.4813,53.2202,36.9764,22.5855,70.6108,29.7113,66.2839,53.4793,32.8925
H1: TF-IDF-F equal weights (all 7 roles),43.0312,7,57.3321,79.0285,52.9867,50.8547,50.7007,42.0613,67.598,59.4417,41.0062,47.2222,54.0638,41.8302,67.2037,58.2193,42.2697,44.2002,57.4054,41.6131,67.1431,57.4379,42.9419,41.2927,59.7217,40.9018,66.7496,56.4541,42.8611,38.9364,61.9145,40.1611,66.562,55.7811,42.6861,37.0513,64.3157,39.628,66.8261,55.6772,42.5313,34.7708,65.3756,38.3814,66.6764,55.2849,41.5121,28.433,69.3671,34.5595,67.2266,55.1709,38.0046,23.0983,72.3132,30.4436,67.9521,55.3811,33.6393
H-ngram: TF-IDF-F Prec×3+Rati×2+Fact×1+Argu×1  n=3  scheme=log,43.0119,8,55.6096,78.0783,51.4088,50.8547,49.253,41.554,66.3644,57.8746,41.0062,46.5812,52.27,41.0424,65.5255,56.3084,41.6959,43.5897,55.2737,40.8417,65.3162,55.4642,42.3488,41.3462,58.6909,40.8489,65.5237,55.0049,42.9166,38.7464,60.2669,39.8454,65.0649,54.0981,42.4779,36.6239,62.4288,39.1042,65.1628,53.7662,42.0407,34.6154,64.6138,38.2138,65.3984,53.5382,41.3265,28.4615,68.8558,34.4992,66.0928,53.4974,38.0427,23.1197,72.094,30.4016,66.8595,53.8169,33.6705
H-grid: TF-IDF-F Prec×3 Ratio×1 Fact×1 Arg×1,42.9564,8,55.6776,76.9428,51.6802,50.5983,48.8157,41.2915,65.9204,57.6741,40.7994,46.9373,51.7993,41.0719,65.3538,56.4068,42.0147,44.0781,55.3006,41.0989,65.3247,55.7688,42.8233,41.2927,57.8006,40.5467,65.0335,54.8526,42.8611,38.9364,60.5538,39.9844,64.9973,54.2625,42.6861,36.6239,62.3533,39.0107,64.9097,53.7611,42.0407,34.3434,63.439,37.7954,64.7578,53.3303,41.0019,28.5755,68.0747,34.4999,65.6975,53.5901,38.195,23.3547,71.7299,30.6108,66.6422,53.9576,34.0128
H-grid: TF-IDF-F Prec×5 Ratio×2 Fact×1 Arg×1,42.9008,8,55.4277,77.0299,51.1399,50.8547,48.9203,41.3974,65.9817,57.7163,41.0062,46.9373,52.1519,41.2234,65.3078,56.2628,42.0147,43.956,55.0373,41.0295,65.0736,55.4804,42.7046,41.2393,57.8609,40.505,64.9113,54.6323,42.8057,38.7464,60.0236,39.7497,64.6589,53.8955,42.4779,36.7094,62.5009,39.1149,64.8473,53.5824,42.1388,34.46,63.6446,37.9238,64.7323,53.1643,41.141,28.604,68.2372,34.5769,65.6318,53.3226,38.2331,23.2479,71.4796,30.4669,66.4038,53.6065,33.8572
H-grid: TF-IDF-F Prec×1 Ratio×1 Fact×0 Arg×1,42.8452,8,55.5319,77.5802,52.3664,50.5983,47.8507,41.1298,66.106,58.5991,40.7994,47.151,51.1923,41.1536,65.7231,57.4422,42.2059,43.7729,53.7345,40.5763,65.2241,56.3323,42.5267,41.1859,56.3791,40.2396,65.0341,55.4537,42.7502,38.699,59.0311,39.5448,64.8539,54.6157,42.4258,36.3675,60.5904,38.5916,64.6724,54.0722,41.7464,34.4211,61.8593,37.7007,64.6756,53.8068,41.0946,28.0912,67.0175,34.0049,65.458,53.589,37.5476,22.8419,69.9322,29.9615,66.1691,53.8524,33.2659
H-grid: TF-IDF-F Prec×1 Ratio×2 Fact×0 Arg×1,42.8452,8,55.9674,78.2835,52.6726,50.2564,48.1376,40.9847,66.3081,58.5729,40.5238,47.4359,52.115,41.621,66.3603,57.8473,42.4609,43.956,54.3667,40.8462,65.7876,56.7102,42.7046,41.1859,56.7261,40.2641,65.4558,55.7501,42.7502,38.7464,59.0701,39.5584,65.2371,54.9659,42.4779,36.453,61.0607,38.7261,65.2007,54.522,41.8445,34.4988,62.4534,37.8079,65.2542,54.2618,41.1874,28.0627,66.4147,33.9444,65.6865,53.9644,37.5095,22.9915,70.6181,30.217,66.8064,54.3757,33.4837
H-grid: TF-IDF-F Prec×2 Ratio×2 Fact×1 Arg×0,42.7863,9,55.1212,77.1878,51.4644,49.6581,48.0351,40.6027,65.2621,57.0332,40.0414,46.7236,52.406,41.1933,65.4127,56.3326,41.8234,43.4676,55.6913,40.7095,65.2177,55.4226,42.2301,40.7585,58.2677,40.1155,64.975,54.6004,42.3066,38.9364,60.9171,39.9423,65.1192,54.2879,42.6861,36.5812,62.1476,38.8555,64.8764,53.6903,41.9917,34.46,63.4502,37.7903,64.8435,53.387,41.141,28.0342,67.1465,33.9204,65.242,53.1085,37.4714,22.7991,70.2848,29.8758,65.9885,53.3561,33.2037
H-grid: TF-IDF-F Prec×1 Ratio×3 Fact×0 Arg×1,42.7341,8,55.4514,77.9163,51.8432,50.1709,48.1053,40.932,66.0018,58.1352,40.4549,46.8661,51.3775,41.0206,65.6499,57.0184,41.9509,43.7118,54.3261,40.6768,65.3778,56.0528,42.4674,41.0791,56.5582,40.1151,65.0885,55.2735,42.6393,38.3666,58.7605,39.2124,64.6959,54.257,42.0614,36.3248,60.4253,38.4919,64.6709,53.9141,41.6973,34.3434,62.2466,37.6159,64.8229,53.6627,41.0019,28.0627,66.2902,33.9048,65.3434,53.4684,37.5095,23.0128,70.4754,30.2152,66.4648,53.901,33.5149
H5: TF-IDF-F Arg×1 + Prec×2 + Ratio×2 (mirrors B8 boosting),42.6785,8,54.8779,77.6136,51.1694,50.1709,47.6374,40.8213,65.5095,57.5801,40.4549,46.7949,51.1433,40.9798,65.158,56.4913,41.8872,43.8339,54.0814,40.6485,64.9784,55.6582,42.586,41.0256,56.5924,40.1362,64.6396,54.6612,42.5839,38.7464,59.2228,39.6316,64.5567,53.919,42.4779,36.5385,60.8872,38.7581,64.4701,53.4851,41.9426,34.3823,62.1789,37.6948,64.3982,53.1667,41.0482,28.2336,67.3107,34.2,65.2553,53.0308,37.738,22.8846,70.1385,30.0425,65.9107,53.241,33.3281
H6: TF-IDF-F Arg×1 + Prec×3 + Ratio×3,42.6785,8,54.1265,77.1377,50.3999,49.7436,46.9323,40.3112,64.7658,56.7494,40.1103,46.1538,50.329,40.3155,64.2556,55.3926,41.3134,43.4676,53.6083,40.2507,64.2612,54.7276,42.2301,41.0256,56.6131,40.151,64.2013,53.998,42.5839,38.5565,58.358,39.3442,63.8044,53.1212,42.2697,36.2821,60.2438,38.4192,63.7312,52.6331,41.6483,34.3434,61.8484,37.6089,63.8286,52.4218,41.0019,28.0912,66.8887,33.9814,64.6115,52.2213,37.5476,22.7564,69.8338,29.8777,65.3015,52.4502,33.1414
H-grid: TF-IDF-F Prec×2 Ratio×2 Fact×0 Arg×1,42.6785,8,54.8779,77.6136,51.1694,50.1709,47.6374,40.8213,65.5095,57.5801,40.4549,46.7949,51.1433,40.9798,65.158,56.4913,41.8872,43.8339,54.0814,40.6485,64.9784,55.6582,42.586,41.0256,56.5924,40.1362,64.6396,54.6612,42.5839,38.7464,59.2228,39.6316,64.5567,53.919,42.4779,36.5385,60.8872,38.7581,64.4701,53.4851,41.9426,34.3823,62.1789,37.6948,64.3982,53.1667,41.0482,28.2336,67.3107,34.2,65.2553,53.0308,37.738,22.8846,70.1385,30.0425,65.9107,53.241,33.3281
H-grid: TF-IDF-F Prec×2 Ratio×3 Fact×0 Arg×1,42.6785,8,55.0139,77.3292,51.7397,50.0,47.8548,40.7714,65.5123,57.602,40.317,47.5071,51.9544,41.5484,65.7831,57.0837,42.5247,43.7729,54.123,40.6602,65.0252,55.7291,42.5267,41.0256,56.6006,40.1249,64.7355,54.8126,42.5839,38.699,59.0458,39.54,64.5733,54.0989,42.4258,36.2393,60.2848,38.3907,64.2682,53.459,41.5992,34.3823,62.1152,37.6661,64.4695,53.3011,41.0482,28.1197,66.5953,34.0323,65.12,53.1179,37.5857,22.9701,70.3615,30.1642,66.084,53.4546,33.4526
H-grid: TF-IDF-F Prec×3 Ratio×3 Fact×0 Arg×1,42.6785,8,54.1265,77.1377,50.3999,49.7436,46.9323,40.3112,64.7658,56.7494,40.1103,46.1538,50.329,40.3155,64.2556,55.3926,41.3134,43.4676,53.6083,40.2507,64.2612,54.7276,42.2301,41.0256,56.6131,40.151,64.2013,53.998,42.5839,38.5565,58.358,39.3442,63.8044,53.1212,42.2697,36.2821,60.2438,38.4192,63.7312,52.6331,41.6483,34.3434,61.8484,37.6089,63.8286,52.4218,41.0019,28.0912,66.8887,33.9814,64.6115,52.2213,37.5476,22.7564,69.8338,29.8777,65.3015,52.4502,33.1414
H-ngram: TF-IDF-F Prec×3+Rati×2+Fact×1+Argu×1  n=2  scheme=binary,42.6785,8,55.1355,78.1192,50.7763,50.9402,50.1302,42.0142,66.7256,58.2485,41.0751,47.2934,53.8974,42.1017,66.3441,57.0609,42.3334,43.8339,56.5292,41.3652,65.883,56.0691,42.586,41.0256,58.6962,40.5909,65.5369,55.2475,42.5839,38.1766,60.901,39.421,65.1294,54.1659,41.8532,36.0684,62.6151,38.6315,65.1007,53.7738,41.403,33.9549,63.5897,37.4564,64.9895,53.4192,40.538,27.5499,67.4981,33.4874,65.422,53.1177,36.8241,22.3932,70.0419,29.4497,66.038,53.303,32.6124
H-grid: TF-IDF-F Prec×2 Ratio×3 Fact×1 Arg×0,42.6152,7,55.4756,77.9536,52.1258,49.4017,48.2772,40.5834,65.4936,57.2453,39.8346,46.5812,52.8073,41.265,65.7458,56.5534,41.6959,43.7729,56.1598,41.0458,65.8127,56.0105,42.5267,40.9188,58.474,40.2533,65.4635,55.1011,42.473,38.6515,60.6379,39.6725,65.2726,54.4296,42.3738,36.5812,62.7304,39.0067,65.3862,54.0895,41.9917,34.4988,63.7236,37.869,65.2988,53.7979,41.1874,28.0342,67.5318,33.9064,65.6877,53.5318,37.4714,22.735,70.3061,29.7865,66.3223,53.747,33.1103
H-grid: TF-IDF-F Prec×1 Ratio×3 Fact×1 Arg×0,42.5674,8,55.5205,78.0899,52.209,49.9145,49.495,41.2814,66.0721,57.6151,40.2481,46.5812,52.7661,41.206,65.8007,56.6026,41.6959,43.3455,55.4536,40.6773,65.4755,55.7638,42.1115,40.9188,58.3398,40.2316,65.4652,55.1292,42.473,38.6515,60.3383,39.5894,65.2534,54.5044,42.3738,36.3675,61.9645,38.6333,65.1407,54.0147,41.7464,34.5377,64.3066,37.9667,65.4918,53.8903,41.2338,27.9487,67.1747,33.7476,65.5785,53.5166,37.3572,22.5855,69.894,29.5729,66.1455,53.6757,32.8925
H-grid: TF-IDF-F Prec×1 Ratio×2 Fact×1 Arg×0,42.5254,9,55.8049,78.3855,52.0527,50.2564,49.8102,41.562,66.5139,58.1132,40.5238,46.7236,52.9724,41.3242,66.1501,57.0425,41.8234,43.1624,55.6559,40.5597,65.6492,55.8781,41.9336,40.812,58.1204,40.0861,65.562,55.2822,42.3621,38.699,60.1426,39.5423,65.4156,54.7203,42.4258,36.6667,62.5914,38.9671,65.6276,54.4756,42.0898,34.5765,63.8051,37.9264,65.5921,54.216,41.2801,28.0342,67.4793,33.9063,65.9004,53.8148,37.4714,22.7991,70.1894,29.8646,66.5547,54.0633,33.2037
H-grid: TF-IDF-F Prec×3 Ratio×3 Fact×1 Arg×0,42.4562,8,55.0629,77.6654,51.206,49.7436,48.0784,40.682,65.423,57.16,40.1103,46.51,52.7106,41.1828,65.4701,56.217,41.6321,43.5897,56.0651,40.9083,65.4652,55.5736,42.3488,40.812,58.654,40.2445,65.22,54.7272,42.3621,38.5565,60.4735,39.574,64.9301,54.0561,42.2697,36.4103,62.1835,38.7346,64.9136,53.5976,41.7954,34.46,63.716,37.856,65.0018,53.3924,41.141,28.0342,67.4652,33.9142,65.4002,53.1452,37.4714,22.7778,70.5127,29.8657,66.1188,53.369,33.1726
H-grid: TF-IDF-F Prec×3 Ratio×2 Fact×0 Arg×1,42.4368,7,54.2078,77.1076,50.3608,49.8291,47.1671,40.3846,64.9433,56.9505,40.1792,46.5812,50.7591,40.6924,64.6149,55.8118,41.6959,43.5897,53.3242,40.309,64.2881,54.9737,42.3488,40.6517,55.6841,39.7042,63.8388,53.8779,42.1957,38.2716,57.7796,39.0688,63.5621,53.0113,41.9573,36.2821,60.5672,38.5043,63.8383,52.69,41.6483,34.2657,61.8708,37.5586,63.8255,52.447,40.9091,28.2336,67.141,34.136,64.7568,52.3946,37.738,22.8419,70.2333,30.0143,65.4544,52.5963,33.2659
H-grid: TF-IDF-F Prec×1 Ratio×1 Fact×1 Arg×0,42.4007,8,54.8548,77.2771,50.8851,49.3162,47.9538,40.3691,65.1124,56.9127,39.7657,45.5128,51.3836,40.1917,64.5801,55.4887,40.7396,42.9792,54.3635,40.0629,64.6001,54.8825,41.7556,40.7585,57.8124,40.0337,64.8011,54.4264,42.3066,38.4141,59.8906,39.3909,64.5664,53.7372,42.1135,36.1966,61.831,38.4705,64.5603,53.3073,41.5502,33.9938,62.956,37.308,64.4505,52.9603,40.5844,28.0627,67.2686,33.9547,65.1878,52.9205,37.5095,22.6709,69.9781,29.7279,65.7555,53.0585,33.017
H-grid: TF-IDF-F Prec×3 Ratio×2 Fact×1 Arg×0,42.4007,8,54.6617,77.5151,50.062,49.9145,48.2956,40.6979,65.4077,57.066,40.2481,46.2251,51.7046,40.6416,64.8896,55.6959,41.3771,43.4676,55.3364,40.6982,64.9543,55.0147,42.2301,40.7585,57.8753,40.0494,64.7192,54.2498,42.3066,38.4615,59.5169,39.2695,64.3797,53.5659,42.1655,36.2821,61.6635,38.5191,64.429,53.1175,41.6483,34.3046,63.2683,37.6358,64.5175,52.8776,40.9555,28.0342,67.1578,33.9215,65.0268,52.6926,37.4714,22.6709,69.9465,29.6822,65.6045,52.8414,33.017
H-grid: TF-IDF-F Prec×5 Ratio×1 Fact×1 Arg×1,42.318,7,54.7886,77.2659,51.4211,49.9145,47.7609,40.5728,65.2026,56.9487,40.2481,46.3675,50.9796,40.5249,64.6841,55.787,41.5046,43.4676,53.782,40.3571,64.4466,55.0092,42.2301,40.3312,55.812,39.4795,63.8364,53.7325,41.863,37.9392,58.152,38.8099,63.622,52.9661,41.5929,35.9829,60.4875,38.2673,63.8241,52.7538,41.3049,34.0715,62.1214,37.3712,63.9416,52.5128,40.6772,27.9202,66.0641,33.7024,64.4847,52.4511,37.3191,23.0128,70.203,30.1219,65.607,52.9164,33.5149
H-grid: TF-IDF-F Prec×3 Ratio×1 Fact×0 Arg×1,42.234,8,53.81,76.3432,51.0251,50.0,46.6301,40.2943,64.666,56.8521,40.317,46.3675,50.1056,40.3435,64.1236,55.429,41.5046,43.0403,52.9848,39.9919,63.683,54.3399,41.8149,40.5983,55.8644,39.7433,63.6327,53.6327,42.1403,37.9392,57.4067,38.725,63.1029,52.6234,41.5929,35.8547,59.2747,37.9462,63.0976,52.2393,41.1577,33.7995,60.3635,36.912,63.0005,51.8996,40.3525,27.7778,65.998,33.6084,63.9936,51.8297,37.1287,22.5855,69.2403,29.6532,64.7817,52.0777,32.8925
H-grid: TF-IDF-F Prec×2 Ratio×1 Fact×0 Arg×1,42.1784,8,54.2144,76.5974,50.6016,50.3419,47.247,40.6499,65.1737,57.3608,40.5927,46.7236,50.5765,40.6636,64.6234,56.021,41.8234,43.1624,53.1084,40.0318,63.9958,54.7469,41.9336,40.5449,55.7152,39.6652,63.755,53.8766,42.0848,38.0817,57.5673,38.879,63.3905,52.9735,41.7491,36.1966,59.7776,38.3439,63.5498,52.6751,41.5502,34.1492,61.0175,37.3505,63.4978,52.3663,40.7699,27.9202,66.2828,33.7868,64.335,52.1818,37.3191,22.8632,70.2039,30.0116,65.3599,52.6075,33.297
H-grid: TF-IDF-F Prec×2 Ratio×1 Fact×1 Arg×0,42.1784,8,54.3663,76.6386,50.5977,49.2308,47.6435,40.0417,64.7408,56.4063,39.6968,45.8689,50.9216,40.0683,64.3568,55.2819,41.0583,42.9792,54.1585,40.0689,64.1812,54.4319,41.7556,40.5449,56.9481,39.7996,64.1212,53.8493,42.0848,38.0817,58.8701,38.9402,63.7881,53.0125,41.7491,36.0256,61.1236,38.1972,63.9089,52.6188,41.3539,33.7607,62.1667,36.9543,63.7387,52.2272,40.3061,27.9772,66.9043,33.8284,64.6631,52.3794,37.3953,22.6282,69.9256,29.6379,65.3029,52.4947,32.9547
H-grid: TF-IDF-F Prec×5 Ratio×3 Fact×0 Arg×1,42.1397,7,53.685,77.0336,50.0391,49.5726,46.3457,39.9834,64.4465,56.5172,39.9724,46.1538,49.7563,40.1474,63.974,55.102,41.3134,43.2845,52.5696,39.9874,63.7273,54.3149,42.0522,40.3846,55.0663,39.4474,63.3204,53.2462,41.9185,37.9867,56.8248,38.6825,62.9475,52.4123,41.645,36.1538,59.3023,38.2652,63.1998,52.1535,41.5011,34.2657,61.3913,37.4937,63.4357,51.9663,40.9091,28.0342,66.3206,33.8609,64.1923,51.8093,37.4714,22.7991,70.1687,29.9631,65.1304,52.1048,33.2037
H-grid: TF-IDF-F Prec×5 Ratio×3 Fact×1 Arg×0,42.1397,7,54.317,77.4732,50.454,49.6581,48.2902,40.5514,65.2492,56.8101,40.0414,46.2251,51.6329,40.6271,64.8073,55.5482,41.3771,43.2845,55.0144,40.5034,64.7154,54.7292,42.0522,40.438,57.4787,39.7306,64.3998,53.8659,41.9739,38.1292,59.3327,39.0077,64.103,53.2036,41.8011,35.8974,60.8426,38.0944,63.9596,52.7067,41.2068,33.9549,62.2943,37.2296,64.0016,52.4247,40.538,27.8917,67.2952,33.7418,64.8562,52.3267,37.281,22.7778,70.3073,29.8245,65.6211,52.6567,33.1726
H-grid: TF-IDF-F Prec×5 Ratio×2 Fact×0 Arg×1,41.9561,8,53.5346,76.1199,49.9156,49.7436,46.5635,40.1615,64.396,56.5471,40.1103,46.2251,49.7899,40.2123,63.8433,55.1772,41.3771,43.0403,52.8245,39.98,63.4921,54.0242,41.8149,40.3312,54.9929,39.383,63.1278,53.1814,41.863,37.7018,56.5994,38.4037,62.622,52.209,41.3326,35.7692,58.9705,37.8982,62.7981,51.8854,41.0596,33.8772,60.3608,37.0272,62.8546,51.6396,40.4453,27.6923,65.3223,33.4622,63.6242,51.4813,37.0145,22.7991,70.163,29.9433,64.9184,51.9697,33.2037
H-grid: TF-IDF-F Prec×5 Ratio×2 Fact×1 Arg×0,41.9005,8,53.5206,76.1552,49.651,49.2308,47.5217,40.0543,64.2293,55.7612,39.6968,45.9402,51.217,40.2805,63.9405,54.6251,41.1221,42.735,53.9946,39.8566,63.5597,53.6731,41.5184,40.2778,56.7039,39.4633,63.4535,52.9263,41.8076,37.7968,58.5092,38.5544,63.0626,52.1603,41.4368,35.8547,60.6214,38.0229,63.1889,51.889,41.1577,33.7995,61.7151,36.978,63.1044,51.5217,40.3525,27.7778,66.4923,33.5494,63.9113,51.4906,37.1287,22.7991,70.2946,29.8594,64.9016,51.8393,33.2037
H-grid: TF-IDF-F Prec×3 Ratio×1 Fact×1 Arg×0,41.7236,7,53.3758,75.5248,49.7911,48.7179,47.3421,39.6737,63.7613,55.2463,39.2833,45.7265,50.9607,40.0563,63.602,54.2815,40.9308,42.8571,54.0792,39.9758,63.4523,53.4891,41.637,39.9038,55.7986,39.0282,62.8745,52.4424,41.4195,37.7018,58.2655,38.5356,62.7805,51.8458,41.3326,35.6838,60.3465,37.8453,62.8671,51.5298,40.9615,33.5664,61.4459,36.7603,62.7539,51.1471,40.0742,27.6353,66.1676,33.3987,63.5956,51.2198,36.9383,22.6923,69.5908,29.6791,64.5041,51.5712,33.0481
H-ngram: TF-IDF-F Prec×3+Rati×2+Fact×1+Argu×1  n=2  scheme=log,41.5671,8,54.2611,77.862,50.3606,49.4872,48.4303,40.5382,65.3135,56.6841,39.9035,45.7265,51.3748,40.2342,64.6817,55.3581,40.9308,42.0635,53.8964,39.4085,64.0611,54.1143,40.866,39.9573,56.9992,39.4231,64.1978,53.7132,41.4749,37.1795,58.5049,38.2875,63.6184,52.7064,40.76,34.9573,60.322,37.4459,63.5535,52.1139,40.1275,33.1002,61.7132,36.5734,63.6341,51.9169,39.5176,27.265,66.4757,33.2358,64.5169,52.0375,36.4433,22.1795,70.0131,29.3132,65.4051,52.3198,32.3012
H-grid: TF-IDF-F Prec×5 Ratio×1 Fact×0 Arg×1,41.456,8,52.0681,75.8329,48.7148,48.6325,45.5616,39.2,63.0121,54.9446,39.2143,45.3704,49.0023,39.4122,62.6403,53.5799,40.612,42.5519,52.0377,39.3974,62.4415,52.7593,41.3405,39.8504,54.0874,38.736,62.0394,51.8494,41.364,37.132,55.7037,37.778,61.4618,50.7032,40.708,35.0855,57.9684,37.1137,61.5622,50.3353,40.2747,33.2945,59.4774,36.3958,61.6694,50.206,39.7495,27.1795,64.2093,32.8365,62.3513,49.9603,36.329,22.3718,68.5043,29.3629,63.5162,50.3761,32.5813
H7: TF-IDF-F Prec×1 + Ratio×1 only (2 roles),41.1293,7,51.008,75.5809,47.5669,48.0342,44.4033,38.6599,62.1184,53.9149,38.7319,45.0142,48.3778,39.1043,62.0178,52.8814,40.2933,42.2466,51.8091,39.1094,61.9794,52.0895,41.0439,39.4231,54.0572,38.5101,61.5435,51.1279,40.9204,36.8471,55.4026,37.4908,60.9743,50.1328,40.3956,34.9145,57.7692,36.9316,61.1454,49.7487,40.0785,32.8283,58.8721,35.877,61.0071,49.3387,39.1929,26.8661,63.3718,32.3832,61.6584,49.1502,35.9101,21.9017,66.6061,28.641,62.4478,49.4064,31.8967
H-grid: TF-IDF-F Prec×5 Ratio×1 Fact×1 Arg×0,40.9003,8,52.1951,74.7273,48.6464,47.7778,45.6077,38.7488,62.3313,53.9447,38.5252,44.6581,49.2895,39.0199,62.0977,52.8215,39.9745,41.8193,52.5702,38.9564,61.9661,51.9989,40.6287,39.3162,55.5282,38.5429,61.8752,51.2423,40.8095,36.8946,57.2226,37.6789,61.4967,50.4657,40.4477,35.2137,59.6337,37.35,61.8228,50.3784,40.4219,33.2945,60.7703,36.3859,61.7944,50.1298,39.7495,27.2934,65.0642,32.9443,62.4138,49.9553,36.4813,22.4359,69.2223,29.4111,63.4887,50.335,32.6747
I-grid: Fusion Prec×1 Ratio×2 Fact×1 Arg×1,39.6777,8,50.078,75.5385,46.5119,46.7521,44.9586,38.0509,61.3612,52.3678,37.6981,43.2336,48.3661,38.0637,60.8509,50.9475,38.6994,40.293,51.4442,37.6297,60.676,49.9802,39.1459,38.141,53.9072,37.3253,60.6248,49.432,39.5897,35.0902,54.8629,35.8911,59.7334,48.1638,38.4695,32.9915,56.3135,35.061,59.5734,47.6882,37.871,31.0023,57.2161,33.994,59.4162,47.2889,37.013,25.9259,62.9033,31.4111,60.6665,47.593,34.6535,21.2393,66.8875,27.9436,61.6853,47.9019,30.932
I-ngram: Fusion Prec×1+Rati×2+Fact×1+Argu×1  n=4,39.6777,8,50.078,75.5385,46.5119,46.7521,44.9586,38.0509,61.3612,52.3678,37.6981,43.2336,48.3661,38.0637,60.8509,50.9475,38.6994,40.293,51.4442,37.6297,60.676,49.9802,39.1459,38.141,53.9072,37.3253,60.6248,49.432,39.5897,35.0902,54.8629,35.8911,59.7334,48.1638,38.4695,32.9915,56.3135,35.061,59.5734,47.6882,37.871,31.0023,57.2161,33.994,59.4162,47.2889,37.013,25.9259,62.9033,31.4111,60.6665,47.593,34.6535,21.2393,66.8875,27.9436,61.6853,47.9019,30.932
I-grid: Fusion Prec×1 Ratio×3 Fact×1 Arg×1,39.511,8,50.1678,75.8137,47.2183,46.3248,44.3893,37.5603,61.0999,52.2948,37.3535,43.3761,48.6827,38.0903,61.0752,51.1119,38.8269,40.3541,51.3604,37.6277,60.7448,50.0853,39.2052,37.9808,53.5813,37.1746,60.5009,49.2817,39.4233,35.4226,55.135,36.2306,59.9802,48.3595,38.8339,33.3761,56.5988,35.4195,59.8565,47.9746,38.3125,31.5074,58.1598,34.6159,59.9225,47.691,37.616,26.0969,62.5933,31.53,60.7413,47.7893,34.8819,21.3462,66.9509,28.102,61.8504,48.0496,31.0876
I-grid: Fusion Prec×1 Ratio×2 Fact×1 Arg×0,39.4651,7,49.626,75.0699,46.9348,46.4957,44.3489,37.7117,60.9925,52.0377,37.4914,43.3761,47.7194,37.9227,60.6622,50.8656,38.8269,40.5372,49.9281,37.4261,60.2919,50.0418,39.3832,37.5534,51.7668,36.5111,59.6475,48.7284,38.9798,35.0902,53.4792,35.6741,59.1891,47.8805,38.4695,33.2051,55.7649,35.1608,59.3236,47.6022,38.1163,31.3908,57.3043,34.3204,59.3935,47.3344,37.4768,25.755,61.8223,31.1006,60.0836,47.2236,34.425,21.2179,66.5906,27.8766,61.3513,47.592,30.9009
I-ngram: Fusion Prec×1+Rati×2+Fact×1+Argu×1  n=5,39.4554,8,49.9156,75.0599,46.5019,46.8376,45.0084,38.0787,61.2684,52.3149,37.7671,43.1624,47.8817,37.8326,60.5311,50.7124,38.6356,40.3541,51.0082,37.6115,60.4057,49.8157,39.2052,37.9274,53.358,37.0725,60.1851,49.0373,39.3679,35.0902,54.8205,35.9165,59.5235,47.9054,38.4695,33.2051,56.3012,35.2046,59.4764,47.6075,38.1163,31.1189,57.5405,34.1715,59.3596,47.1559,37.1521,26.0114,62.9087,31.4971,60.5462,47.4632,34.7677,21.2821,66.6527,27.997,61.5006,47.7082,30.9942
I-ngram: Fusion Prec×1+Rati×2+Fact×1+Argu×1  n=8,39.3462,7,49.4438,74.7882,46.6692,47.3504,45.3181,38.4252,61.3795,52.4161,38.1806,43.7322,48.1816,38.1991,60.6932,50.7974,39.1457,40.4151,51.5309,37.641,60.3932,49.6219,39.2645,37.2863,52.9955,36.5136,59.6085,48.2681,38.7025,34.8053,54.5541,35.6063,59.1198,47.4055,38.1572,32.7778,56.1656,34.8333,59.0292,46.9985,37.6257,31.1966,58.0432,34.189,59.2992,46.9248,37.2449,25.8405,62.4959,31.2577,60.1151,46.954,34.5392,21.2179,65.8818,27.8183,61.0296,47.2342,30.9009
I-ngram: Fusion Prec×1+Rati×2+Fact×1+Argu×1  n=7,39.2868,7,49.4997,74.5674,46.5776,46.9231,44.9706,38.061,61.0605,52.13,37.836,43.7322,48.1899,38.2067,60.654,50.7637,39.1457,40.3541,50.7599,37.5014,60.1174,49.5142,39.2052,37.4466,52.9329,36.6808,59.6148,48.3262,38.8689,34.9478,54.8066,35.7914,59.2063,47.5186,38.3134,32.735,56.0379,34.7781,58.9424,46.9869,37.5766,31.08,58.0497,34.0925,59.225,46.8709,37.1058,25.9259,62.6109,31.3451,60.1702,47.0385,34.6535,21.2393,65.9747,27.8686,61.055,47.2853,30.932
I-grid: Fusion Prec×2 Ratio×3 Fact×1 Arg×1,39.2382,9,49.5779,75.2557,47.0253,46.4103,44.5367,37.6746,60.8599,51.7817,37.4225,43.2336,48.1374,37.9427,60.543,50.6276,38.6994,40.293,50.7947,37.4857,60.2274,49.6339,39.1459,37.7137,53.0145,36.9017,59.89,48.7269,39.1461,35.7075,55.4822,36.4946,59.8495,48.1696,39.1463,33.3761,56.9651,35.5238,59.6187,47.544,38.3125,31.6239,58.2645,34.71,59.6835,47.3142,37.7551,26.0684,62.8639,31.5256,60.4475,47.2608,34.8439,21.3462,66.9737,28.1103,61.5275,47.5958,31.0876
I-grid: Fusion Prec×2 Ratio×3 Fact×1 Arg×0,39.2331,8,49.1044,74.6329,47.1438,46.5812,44.4725,37.8093,60.7438,51.6452,37.5603,43.0199,47.4963,37.6455,60.1178,50.2031,38.5081,40.0488,49.8387,37.1276,59.7045,49.2075,38.9087,37.7137,52.425,36.7394,59.5702,48.5079,39.1461,35.5176,54.3265,36.1209,59.3039,47.7789,38.9381,33.2906,55.9704,35.2353,59.1227,47.1993,38.2144,31.5851,57.6662,34.5687,59.2945,47.0942,37.7087,25.7265,61.6151,31.0607,59.7487,46.8152,34.3869,21.2393,66.3322,27.9434,61.0614,47.246,30.932
I-ngram: Fusion Prec×1+Rati×2+Fact×1+Argu×1  n=6,39.2273,7,49.7336,75.111,46.6152,46.8376,44.9398,38.0171,61.2251,52.2895,37.7671,43.4473,48.0189,37.9959,60.6765,50.8622,38.8907,40.293,50.8443,37.5125,60.2968,49.6901,39.1459,37.3932,52.7432,36.5709,59.7349,48.506,38.8134,35.0427,54.4865,35.8242,59.3484,47.7486,38.4175,33.0769,56.7553,35.1488,59.4724,47.4493,37.9691,31.1189,58.1373,34.1804,59.435,47.0485,37.1521,25.8689,62.4167,31.2821,60.2754,47.197,34.5773,21.2821,66.2193,27.9579,61.3213,47.5321,30.9942
I-ngram: Fusion Prec×1+Rati×2+Fact×1+Argu×1  n=9,39.2207,6,49.5398,75.0576,47.0485,46.8376,44.8579,37.9948,61.1747,52.2411,37.7671,43.7322,48.7324,38.3177,60.9858,50.9448,39.1457,40.232,51.3895,37.5047,60.4029,49.5992,39.0866,37.1261,52.9006,36.3951,59.6398,48.2816,38.5362,34.6154,54.4239,35.4234,59.1309,47.4021,37.949,32.8205,56.1643,34.8418,59.1767,47.1531,37.6748,31.1966,58.0146,34.1712,59.4152,47.0434,37.2449,25.8689,62.5383,31.2829,60.2521,47.0684,34.5773,21.2179,65.7335,27.8164,61.1136,47.3606,30.9009
I-ngram: Fusion Prec×1+Rati×2+Fact×1+Argu×1  n=10,39.2207,6,49.6386,75.2705,47.1696,46.9231,44.8967,38.0482,61.3211,52.4035,37.836,43.7322,48.753,38.335,61.0812,51.0637,39.1457,40.1709,51.4662,37.5047,60.4867,49.6807,39.0273,37.2329,53.2131,36.5446,59.8705,48.4482,38.6471,34.6629,54.3905,35.4229,59.2524,47.5507,38.001,32.8632,56.0467,34.8226,59.2743,47.281,37.7238,31.1966,57.9286,34.1624,59.4881,47.1352,37.2449,25.8689,62.5515,31.2915,60.3532,47.1668,34.5773,21.1111,65.2903,27.6516,61.0533,47.397,30.7453
I-ngram: Fusion Prec×1+Rati×2+Fact×1+Argu×1  n=3,39.1679,7,49.5357,74.6328,45.5103,46.1538,44.2822,37.3974,60.5968,51.7119,37.2157,43.1624,48.4947,37.9755,60.5066,50.5863,38.6356,40.232,51.3084,37.6593,60.2409,49.5978,39.0866,37.6068,53.7615,37.0603,59.9484,48.6743,39.0352,34.9953,55.1458,35.9952,59.3681,47.6962,38.3654,32.8205,56.1649,34.9235,59.092,47.1512,37.6748,30.9246,57.3572,34.008,59.0434,46.817,36.9202,25.7835,62.6493,31.2827,60.1574,47.0365,34.4631,21.0897,66.2907,27.7708,61.107,47.3557,30.7142
I-grid: Fusion Prec×1 Ratio×2 Fact×0 Arg×1,39.122,8,47.2788,73.0026,44.0612,45.812,42.8918,36.9647,58.9044,49.9234,36.94,42.5214,46.1383,37.0149,58.4138,48.5927,38.0618,39.8657,49.0737,36.8537,58.2724,47.648,38.7307,37.6068,51.3216,36.5623,58.0511,46.9038,39.0352,34.9478,52.552,35.4455,57.391,45.8941,38.3134,32.7778,54.0701,34.5613,57.2115,45.3068,37.6257,30.7304,55.3085,33.535,57.0703,44.8314,36.6883,25.5556,60.5046,30.8371,58.1257,44.9703,34.1584,21.1111,65.334,27.735,59.4394,45.4436,30.7453
I-grid: Fusion Prec×1 Ratio×3 Fact×1 Arg×0,39.0108,8,49.5098,74.7873,46.981,46.4957,44.3096,37.6568,60.8772,52.0269,37.4914,42.9487,47.0425,37.4164,60.1843,50.6186,38.4444,39.9878,49.5145,36.9931,59.7851,49.5729,38.8493,37.5,51.7422,36.4484,59.4555,48.7106,38.9243,35.1852,54.0733,35.7683,59.2229,47.861,38.5737,33.2479,56.4828,35.2338,59.3872,47.5784,38.1653,31.4685,58.4267,34.5647,59.5779,47.3782,37.5696,25.8974,62.4877,31.3059,60.2081,47.2264,34.6154,21.1325,66.0988,27.7409,61.1157,47.4633,30.7764
I2: Refined fusion Prec×3 + Ratio×3 + Fact×1 + Arg×1,38.9553,8,48.2043,73.6331,45.8804,46.2393,44.6173,37.6057,59.9774,50.5668,37.2846,42.6638,47.6028,37.4242,59.3218,49.1414,38.1894,39.9267,50.1518,37.1578,59.0388,48.2821,38.79,37.4466,52.2768,36.6122,58.7192,47.515,38.8689,35.1377,53.9742,35.8071,58.3583,46.6796,38.5216,33.1624,55.562,35.079,58.3004,46.2423,38.0672,31.2354,56.7135,34.1598,58.2212,45.9222,37.2913,25.812,62.1927,31.233,59.2634,45.9778,34.5011,21.0897,66.68,27.7694,60.3802,46.2825,30.7142
I-grid: Fusion Prec×3 Ratio×3 Fact×1 Arg×1,38.9553,8,48.2043,73.6331,45.8804,46.2393,44.6173,37.6057,59.9774,50.5668,37.2846,42.6638,47.6028,37.4242,59.3218,49.1414,38.1894,39.9267,50.1518,37.1578,59.0388,48.2821,38.79,37.4466,52.2768,36.6122,58.7192,47.515,38.8689,35.1377,53.9742,35.8071,58.3583,46.6796,38.5216,33.1624,55.562,35.079,58.3004,46.2423,38.0672,31.2354,56.7135,34.1598,58.2212,45.9222,37.2913,25.812,62.1927,31.233,59.2634,45.9778,34.5011,21.0897,66.68,27.7694,60.3802,46.2825,30.7142
I-grid: Fusion Prec×2 Ratio×2 Fact×1 Arg×0,38.8441,8,47.867,72.8745,45.7583,46.0684,44.1296,37.4028,59.6224,50.3707,37.1468,42.735,47.1601,37.3392,59.0951,49.0502,38.2531,39.4383,49.274,36.6482,58.4207,47.7335,38.3155,37.3397,51.6739,36.3598,58.3573,47.1689,38.758,35.1852,53.4314,35.7241,58.0472,46.4691,38.5737,33.0342,55.4271,34.9395,58.0162,46.0088,37.92,31.0023,56.4156,33.8734,57.8553,45.5918,37.013,25.641,61.1133,30.9376,58.7038,45.609,34.2727,21.0256,66.3111,27.6507,60.0201,45.9932,30.6208
I-grid: Fusion Prec×2 Ratio×2 Fact×1 Arg×1,38.7519,7,48.739,74.0511,45.9512,46.3248,44.4659,37.6577,60.3028,51.1311,37.3535,42.5214,47.0549,37.18,59.4421,49.4689,38.0618,39.8046,50.0731,37.0351,59.2738,48.6111,38.6714,37.2329,52.833,36.5659,59.055,47.7659,38.6471,34.9953,54.3664,35.7402,58.6831,46.9889,38.3654,33.0769,56.0592,35.0805,58.6813,46.6772,37.9691,31.0412,57.0563,33.9932,58.525,46.2673,37.0594,25.7265,62.1703,31.1164,59.4943,46.2887,34.3869,21.2393,67.2973,27.9578,60.8877,46.7599,30.932
I6: Refined fusion Prec×2 + Ratio×2 + Fact×1 + Arg×1 + Stat×0.5,38.6774,8,48.5297,73.7729,46.1732,46.1538,44.2163,37.6122,59.9464,50.6485,37.2157,42.5214,47.5718,37.3599,59.379,49.1722,38.0618,39.6215,50.6375,37.0947,59.1604,48.1854,38.4935,37.1795,53.0965,36.6717,58.9267,47.4348,38.5916,35.1852,54.8786,36.0516,58.7376,46.87,38.5737,33.1197,56.3807,35.225,58.635,46.4432,38.0182,31.2354,57.4576,34.2286,58.5892,46.1653,37.2913,25.7265,62.2288,31.1707,59.4086,46.1162,34.3869,21.1752,67.41,27.9153,60.7668,46.5564,30.8386
I-grid: Fusion Prec×3 Ratio×3 Fact×1 Arg×0,38.6642,9,47.4544,72.9776,45.3418,45.3846,43.3788,36.8614,58.964,49.5998,36.5955,42.4501,46.4228,37.0322,58.5977,48.5224,37.9981,39.5604,49.3312,36.7395,58.3234,47.5449,38.4342,37.0726,51.3891,36.077,57.9861,46.6772,38.4807,35.1852,53.8521,35.7831,57.9853,46.1826,38.5737,33.0342,55.0,34.8288,57.7435,45.7017,37.92,31.1577,56.9967,34.0793,57.8954,45.4163,37.1985,25.6695,61.4196,31.0035,58.637,45.4067,34.3107,20.9188,65.7595,27.5166,59.6891,45.6232,30.4652
I-grid: Fusion Prec×1 Ratio×3 Fact×0 Arg×1,38.5736,7,47.8018,73.8626,44.711,45.812,41.8152,36.658,59.0542,50.3686,36.94,42.8775,45.7173,37.0998,58.9214,49.2164,38.3806,39.6215,48.5764,36.5757,58.4603,48.1046,38.4935,36.9658,50.579,35.9377,57.9905,47.1031,38.3698,34.7104,52.479,35.2732,57.6633,46.2496,38.0531,32.9487,54.6528,34.7494,57.8322,45.9318,37.8219,31.3908,56.6932,34.2827,58.1306,45.782,37.4768,25.4986,60.7091,30.8083,58.5788,45.4666,34.0823,21.1111,64.1493,27.6571,59.6147,45.9176,30.7453
I-grid: Fusion Prec×2 Ratio×3 Fact×0 Arg×1,38.5107,8,46.5728,72.4198,43.5274,46.0684,42.2169,36.9546,58.5937,49.564,37.1468,42.1652,45.3548,36.7102,57.7473,47.8161,37.7431,39.4994,47.8994,36.404,57.5028,46.9645,38.3749,37.0192,50.0574,35.9123,57.1647,46.1232,38.4253,34.4255,51.3018,34.8779,56.515,45.0489,37.7408,32.6923,53.543,34.4359,56.6809,44.7123,37.5276,31.1189,55.659,33.8801,56.9802,44.6341,37.1521,25.5271,60.8702,30.8534,57.8495,44.5082,34.1203,20.9615,64.6848,27.529,58.8605,44.785,30.5275
I-grid: Fusion Prec×3 Ratio×2 Fact×1 Arg×1,38.4551,8,46.9247,72.5488,43.8724,45.3846,43.7616,36.9347,58.7837,49.3102,36.5955,41.7379,46.4404,36.6368,57.9377,47.6815,37.3605,39.2552,49.3103,36.4782,57.857,46.9292,38.1376,36.9658,52.1794,36.306,57.7795,46.2297,38.3698,34.5204,53.4868,35.2638,57.2583,45.3568,37.8449,32.6496,55.294,34.6459,57.3013,45.0132,37.4785,30.8469,56.283,33.7469,57.2254,44.7206,36.8275,25.4986,62.1636,30.8396,58.31,44.6951,34.0823,20.9188,66.5896,27.5556,59.4717,45.0588,30.4652
I1: Refined fusion equal (Fact+Arg+Prec+Ratio),38.2764,7,48.5574,73.8443,45.4505,46.2393,44.5848,37.5734,60.3574,51.2128,37.2846,42.5926,47.7347,37.3783,59.6906,49.7373,38.1256,39.3162,50.1749,36.7171,59.1377,48.4023,38.1969,36.5385,52.4275,35.9983,58.703,47.3814,37.9263,34.188,53.7508,35.0574,58.1984,46.4781,37.4805,32.094,54.9471,34.1253,57.9574,46.0098,36.8408,30.1865,56.5976,33.2655,57.9907,45.6742,36.039,25.4416,61.6783,30.8192,59.1732,45.9751,34.0061,20.7265,65.4085,27.2973,60.0822,46.2165,30.1852
I-grid: Fusion Prec×1 Ratio×1 Fact×1 Arg×1,38.2764,7,48.5574,73.8443,45.4505,46.2393,44.5848,37.5734,60.3574,51.2128,37.2846,42.5926,47.7347,37.3783,59.6906,49.7373,38.1256,39.3162,50.1749,36.7171,59.1377,48.4023,38.1969,36.5385,52.4275,35.9983,58.703,47.3814,37.9263,34.188,53.7508,35.0574,58.1984,46.4781,37.4805,32.094,54.9471,34.1253,57.9574,46.0098,36.8408,30.1865,56.5976,33.2655,57.9907,45.6742,36.039,25.4416,61.6783,30.8192,59.1732,45.9751,34.0061,20.7265,65.4085,27.2973,60.0822,46.2165,30.1852
I-grid: Fusion Prec×1 Ratio×1 Fact×0 Arg×1,38.2169,7,45.6702,71.1223,42.3822,45.5556,42.1872,36.4242,57.9114,48.8019,36.7333,41.8803,45.235,36.2862,57.1117,47.0203,37.488,39.2552,48.2037,36.2786,56.9289,46.2375,38.1376,36.1645,49.5699,35.1411,56.1078,45.0037,37.5381,34.1406,51.4867,34.5805,55.8753,44.2788,37.4284,31.9658,52.8027,33.6555,55.6252,43.7156,36.6936,30.1088,54.0252,32.78,55.5724,43.2814,35.9462,25.0997,60.1997,30.3413,56.8666,43.4164,33.5491,20.6624,64.2061,27.1657,57.9601,43.7979,30.0918
I-grid: Fusion Prec×1 Ratio×1 Fact×1 Arg×0,38.1987,6,48.2839,73.7124,45.5055,45.812,44.0643,37.2614,60.0225,50.9265,36.94,42.5926,47.0243,37.1895,59.5438,49.6711,38.1256,39.072,49.3035,36.3693,58.7941,48.2118,37.9597,36.5385,51.7181,35.8475,58.5067,47.2642,37.9263,33.9506,52.8583,34.692,57.853,46.2509,37.2202,32.3504,54.8368,34.3157,58.0303,46.0657,37.1351,30.575,56.0634,33.5089,58.0308,45.8258,36.5028,25.1567,59.4261,30.3064,58.4908,45.68,33.6253,20.8974,64.9892,27.3972,60.0017,46.2049,30.4341
I-grid: Fusion Prec×2 Ratio×2 Fact×0 Arg×1,38.1773,8,45.3705,71.22,42.6435,45.812,42.2609,36.741,57.7587,48.4607,36.94,41.8803,45.1764,36.349,56.8668,46.6383,37.488,39.072,47.7688,36.1089,56.5203,45.7727,37.9597,36.6987,50.0398,35.5916,56.2687,44.9927,38.0926,34.4729,51.5477,34.8828,55.8442,44.0946,37.7928,32.265,53.2322,33.9705,55.6846,43.5816,37.037,30.3807,54.5516,33.1288,55.6387,43.2177,36.2709,25.0997,59.7683,30.2969,56.5918,43.1751,33.5491,20.8761,64.4225,27.4448,57.9682,43.6865,30.403
I3: Refined fusion Prec×5 + Ratio×3 + Fact×1 + Arg×1,38.1575,7,45.4638,71.8879,42.3479,45.3846,43.6602,36.8956,58.0883,48.4069,36.5955,42.094,46.6043,36.8677,57.5033,46.8939,37.6793,39.1941,49.2641,36.3831,57.1963,45.9831,38.0783,36.2714,50.9723,35.4683,56.5246,44.8327,37.649,34.1406,52.836,34.8521,56.251,44.0736,37.4284,32.1795,54.2126,34.0466,56.1319,43.6989,36.9389,30.4973,56.1108,33.378,56.3386,43.4726,36.41,25.0142,60.5157,30.2069,56.9949,43.2978,33.4349,20.5556,64.9356,27.0547,58.1513,43.6409,29.9362
I-grid: Fusion Prec×5 Ratio×3 Fact×1 Arg×1,38.1575,7,45.4638,71.8879,42.3479,45.3846,43.6602,36.8956,58.0883,48.4069,36.5955,42.094,46.6043,36.8677,57.5033,46.8939,37.6793,39.1941,49.2641,36.3831,57.1963,45.9831,38.0783,36.2714,50.9723,35.4683,56.5246,44.8327,37.649,34.1406,52.836,34.8521,56.251,44.0736,37.4284,32.1795,54.2126,34.0466,56.1319,43.6989,36.9389,30.4973,56.1108,33.378,56.3386,43.4726,36.41,25.0142,60.5157,30.2069,56.9949,43.2978,33.4349,20.5556,64.9356,27.0547,58.1513,43.6409,29.9362
I-ngram: Fusion Prec×1+Rati×2+Fact×1+Argu×1  n=2,37.9792,7,48.4086,74.0874,45.0964,45.8974,43.9551,37.0643,60.0512,51.0889,37.009,42.2365,47.7881,37.1215,59.5552,49.5709,37.8068,39.011,50.1497,36.5054,59.0225,48.3764,37.9004,36.2179,52.2583,35.7811,58.5233,47.3112,37.5936,34.188,54.1773,35.1911,58.3294,46.615,37.4805,32.3504,56.2547,34.5715,58.44,46.2877,37.1351,30.3807,57.3712,33.6029,58.3275,45.9088,36.2709,24.9573,62.061,30.4473,59.1257,45.8705,33.3587,20.5983,65.974,27.2866,60.2604,46.2675,29.9984
I4: Refined fusion Arg×1 + Prec×3 + Ratio×3 (no Fact),37.8438,8,45.113,71.3624,42.4925,45.4701,42.0309,36.471,57.5479,48.202,36.6644,41.7379,44.9998,36.2577,56.7248,46.4539,37.3605,38.7057,47.0921,35.6723,56.1507,45.4038,37.6038,36.3782,49.1898,35.2368,55.8512,44.5611,37.7599,34.188,50.7248,34.5191,55.4507,43.7629,37.4805,32.1368,52.2232,33.7415,55.3026,43.3305,36.8899,30.3807,53.9673,33.0495,55.421,43.0237,36.2709,24.9288,59.0377,30.0588,56.2452,42.9055,33.3206,20.7051,64.0082,27.2249,57.6718,43.3983,30.154
I-grid: Fusion Prec×3 Ratio×3 Fact×0 Arg×1,37.8438,8,45.113,71.3624,42.4925,45.4701,42.0309,36.471,57.5479,48.202,36.6644,41.7379,44.9998,36.2577,56.7248,46.4539,37.3605,38.7057,47.0921,35.6723,56.1507,45.4038,37.6038,36.3782,49.1898,35.2368,55.8512,44.5611,37.7599,34.188,50.7248,34.5191,55.4507,43.7629,37.4805,32.1368,52.2232,33.7415,55.3026,43.3305,36.8899,30.3807,53.9673,33.0495,55.421,43.0237,36.2709,24.9288,59.0377,30.0588,56.2452,42.9055,33.3206,20.7051,64.0082,27.2249,57.6718,43.3983,30.154
I-grid: Fusion Prec×3 Ratio×2 Fact×1 Arg×0,37.8009,7,46.3274,72.5358,43.2055,45.5556,43.6957,36.946,58.8818,49.4506,36.7333,41.7379,46.1856,36.4947,57.9096,47.661,37.3605,38.8278,48.3433,35.9364,57.4351,46.5953,37.7224,36.3248,50.6565,35.4584,57.1132,45.6483,37.7045,33.9981,52.3236,34.6322,56.703,44.817,37.2723,32.1795,54.002,34.0076,56.7176,44.5434,36.9389,30.5361,55.5128,33.3626,56.8327,44.2982,36.4564,25.2422,60.665,30.4541,57.7425,44.2481,33.7395,20.4915,64.8264,26.9315,58.6907,44.4253,29.8429
I-grid: Fusion Prec×2 Ratio×1 Fact×1 Arg×1,37.7883,8,46.2396,71.1722,43.1252,45.0427,43.2035,36.4914,58.0442,48.8111,36.3198,41.5954,46.6813,36.5178,57.5219,47.2556,37.233,38.6447,49.0193,36.0558,57.0406,46.1155,37.5445,36.3248,51.6521,35.7415,56.8966,45.3569,37.7045,33.9981,53.2777,34.843,56.5099,44.5683,37.2723,32.0513,54.5874,34.0167,56.3829,44.1782,36.7918,30.2253,56.1317,33.1618,56.4246,43.8607,36.0853,24.9288,59.8168,30.1478,57.0024,43.7311,33.3206,20.5128,65.2708,27.0373,58.3825,44.1088,29.874
I-grid: Fusion Prec×2 Ratio×1 Fact×1 Arg×0,37.5104,8,45.7893,71.8719,41.7561,44.4444,42.8436,36.0642,57.8726,48.5829,35.8374,41.7379,46.2487,36.4851,57.6504,47.4084,37.3605,38.4005,48.4943,35.7204,56.9724,45.9903,37.3072,36.0577,50.9576,35.3114,56.7812,45.1907,37.4272,33.8082,52.7906,34.5383,56.4696,44.4092,37.064,31.5385,53.7695,33.4584,56.0818,43.7651,36.2031,29.6426,54.8192,32.4691,55.9748,43.4412,35.3896,24.8148,59.739,29.9561,57.0207,43.5789,33.1683,20.1496,63.29,26.4573,57.8246,43.7067,29.345
I-grid: Fusion Prec×3 Ratio×2 Fact×0 Arg×1,37.2065,7,43.9193,70.8227,40.9684,44.188,41.2794,35.5095,56.374,46.8925,35.6306,40.9544,44.2512,35.6372,55.7322,45.3903,36.6592,38.2173,46.5252,35.2881,55.315,44.3713,37.1293,35.6838,48.8011,34.7078,54.9498,43.446,37.0391,33.2858,50.0873,33.7425,54.3923,42.491,36.4914,31.7521,52.4331,33.4676,54.677,42.3026,36.4484,29.8368,53.1701,32.4327,54.4716,41.8869,35.6215,24.4444,57.8678,29.4974,55.1897,41.7243,32.6733,20.2991,62.3995,26.66,56.496,42.2088,29.5628
I-grid: Fusion Prec×5 Ratio×3 Fact×1 Arg×0,37.2065,7,45.3798,72.3985,42.9151,44.7863,42.6604,36.2255,58.0308,48.6826,36.113,41.453,45.6768,36.2102,57.3948,47.18,37.1055,38.2173,47.5233,35.3617,56.6718,45.8539,37.1293,35.6303,49.776,34.7871,56.2591,44.7923,36.9836,33.5708,51.9709,34.2798,56.0884,44.017,36.8037,31.5385,53.1727,33.3646,55.8756,43.5803,36.2031,29.798,54.6263,32.5619,55.9158,43.3163,35.5751,24.7009,59.6016,29.7767,56.8368,43.3024,33.016,20.2137,63.4766,26.5595,57.826,43.5572,29.4383
I-grid: Fusion Prec×3 Ratio×1 Fact×1 Arg×1,37.0103,8,44.9636,71.609,41.489,43.3333,42.0097,35.1576,56.7073,47.2374,34.9414,40.3134,45.1918,35.2296,56.274,45.991,36.0854,37.9121,48.1387,35.2881,56.1723,45.1335,36.8327,35.5769,50.4887,34.8938,55.9268,44.2205,36.9282,33.5233,52.6103,34.3168,55.7568,43.5336,36.7517,31.4103,54.0731,33.4181,55.5843,43.0203,36.0559,29.9534,55.6682,32.8586,55.8174,42.8829,35.7607,24.5014,59.3838,29.6238,56.2821,42.646,32.7494,20.1068,63.6744,26.4885,57.3896,42.9226,29.2827
I-grid: Fusion Prec×5 Ratio×3 Fact×0 Arg×1,36.9688,7,43.2739,70.9796,40.6773,44.1026,41.1926,35.4638,56.2129,46.6857,35.5617,40.6695,43.9113,35.3339,55.416,44.9865,36.4042,37.9731,46.0942,34.9732,54.9804,43.9609,36.8921,35.0962,48.0088,34.1166,54.3437,42.7035,36.4292,33.1434,49.9346,33.6171,54.1381,42.0824,36.3352,31.1966,51.4264,32.8034,54.0205,41.6539,35.8106,29.4483,52.551,32.0023,53.9688,41.282,35.1577,24.188,57.3356,29.1402,54.7305,41.2045,32.3305,20.1496,61.9493,26.4494,56.0739,41.6497,29.345
I-grid: Fusion Prec×2 Ratio×1 Fact×0 Arg×1,36.8436,8,42.9195,70.4268,40.3241,43.2479,39.9509,34.6428,55.1406,45.6649,34.8725,39.886,42.5306,34.4713,54.3479,44.0759,35.7029,37.5458,45.1573,34.4209,54.1974,43.2842,36.4769,35.4167,47.9548,34.3031,54.1158,42.5973,36.7619,33.0959,50.1539,33.5451,53.8079,41.7411,36.2832,30.9829,51.2397,32.605,53.5048,41.1811,35.5654,29.3318,52.9085,31.9241,53.6242,40.9026,35.0186,24.1026,57.5688,29.121,54.3687,40.7043,32.2163,19.9786,62.1639,26.2715,55.6522,41.1002,29.096
I-grid: Fusion Prec×5 Ratio×2 Fact×1 Arg×1,36.6213,8,43.9803,71.4461,40.5424,43.4188,41.3653,35.0794,56.1255,46.5176,35.0103,40.3846,44.6908,35.2747,55.6926,45.1434,36.1492,37.5458,47.0921,34.7783,55.2553,44.0384,36.4769,35.203,49.6916,34.5071,55.0425,43.1997,36.5401,33.2858,51.9133,34.0172,54.9544,42.5744,36.4914,31.5385,53.4994,33.3902,54.9793,42.2846,36.2031,29.7203,55.2533,32.5952,55.0665,41.9468,35.4824,24.3875,59.6196,29.5541,55.7397,41.7389,32.5971,20.2778,64.2376,26.6919,57.0708,42.217,29.5317
I-grid: Fusion Prec×3 Ratio×1 Fact×1 Arg×0,36.2879,8,43.9711,71.4128,40.9197,43.0769,41.5299,34.9095,56.3414,46.8688,34.7347,39.7436,43.9534,34.5867,55.5554,45.3083,35.5754,37.1184,46.6802,34.4564,55.2306,44.2935,36.0617,34.8825,49.8965,34.1937,55.2627,43.5235,36.2074,32.7635,51.7483,33.542,54.9697,42.7193,35.9188,30.7265,53.1425,32.6566,54.8126,42.2252,35.271,28.8656,53.9651,31.6451,54.6534,41.8499,34.462,23.8746,58.1859,28.85,55.3894,41.721,31.9117,19.6154,62.228,25.7622,56.4282,41.9726,28.567
I-grid: Fusion Prec×5 Ratio×2 Fact×1 Arg×0,35.7074,6,43.4751,72.0847,40.1703,42.9915,40.5298,34.5874,56.0399,46.5729,34.6657,39.8148,43.357,34.4662,55.4088,45.1339,35.6391,36.63,45.4933,33.8803,54.6572,43.6549,35.5872,34.2949,47.9127,33.4136,54.4052,42.7667,35.5974,32.3837,50.2457,32.9801,54.3091,42.1007,35.5023,30.641,52.2351,32.5069,54.4061,41.7556,35.1729,29.1375,53.3162,31.8265,54.4473,41.5266,34.7866,23.9601,57.9692,28.9005,55.1908,41.3449,32.0259,19.8291,63.0263,26.0695,56.5332,41.7149,28.8782
I-grid: Fusion Prec×5 Ratio×2 Fact×0 Arg×1,35.4292,9,41.0666,69.3199,38.3231,41.9658,38.2815,33.3116,53.5735,44.0854,33.8387,38.8177,41.0847,33.3837,52.872,42.6143,34.7466,35.8974,43.2861,32.8684,52.2589,41.3368,34.8754,34.0278,46.0212,32.9141,52.2493,40.67,35.3202,32.2412,48.1808,32.5627,52.1428,39.9769,35.3462,30.5128,50.3926,32.0836,52.2628,39.6278,35.0258,28.5936,51.4619,31.1059,52.1279,39.2245,34.1373,23.3618,54.9282,28.1021,52.4923,38.8781,31.2262,19.6154,60.1927,25.7264,54.0587,39.4238,28.567
I-grid: Fusion Prec×3 Ratio×1 Fact×0 Arg×1,35.1209,8,40.656,68.4963,38.3212,41.1111,37.2075,32.5351,52.5793,43.2062,33.1496,38.604,40.1909,32.9887,52.2463,42.1523,34.5553,35.5922,43.123,32.5182,51.7902,40.9185,34.5789,33.7607,45.6658,32.5694,51.7255,40.2485,35.043,31.8613,47.7361,32.0952,51.556,39.5167,34.9297,30.0855,49.1342,31.4708,51.4532,39.1197,34.5352,28.2828,50.1549,30.6303,51.327,38.6808,33.7662,23.2194,55.0135,27.9721,52.0828,38.4322,31.0358,19.2735,59.3801,25.3033,53.3244,38.7922,28.0691
I-grid: Fusion Prec×5 Ratio×1 Fact×1 Arg×1,35.0097,8,41.1462,69.1791,38.3881,41.6239,39.0523,33.2402,53.5655,43.8627,33.5631,37.963,41.6813,32.8596,52.5959,42.1143,33.9815,35.5311,44.3461,32.738,52.329,41.1544,34.5196,33.6538,47.4074,32.7353,52.44,40.6534,34.9321,31.434,48.5369,31.8494,51.876,39.7246,34.4612,29.6581,49.9493,31.1914,51.783,39.2545,34.0446,28.0109,51.9124,30.5675,51.9709,39.048,33.4416,23.1624,56.7967,28.0205,52.825,38.8129,30.9596,19.2735,61.4705,25.4103,54.1692,39.1951,28.0691
I-grid: Fusion Prec×5 Ratio×1 Fact×1 Arg×0,33.6205,8,40.3359,69.0292,38.0108,40.7692,38.0162,32.4028,53.0189,43.661,32.8739,37.3932,40.4301,32.115,52.1287,42.0211,33.4715,34.3101,42.4152,31.4152,51.3605,40.5849,33.3333,32.3184,45.2326,31.2333,51.2968,39.83,33.5459,30.3419,47.2768,30.7429,51.048,39.0414,33.2639,28.8034,49.0737,30.3605,51.1304,38.6809,33.0635,27.1173,50.1648,29.5593,51.0425,38.2989,32.3748,22.3647,54.4965,26.9343,51.7417,38.0688,29.8934,18.6752,59.2155,24.5272,53.1112,38.4312,27.1978
I-grid: Fusion Prec×5 Ratio×1 Fact×0 Arg×1,32.6757,8,37.5775,66.6711,36.0722,39.4017,34.9182,30.8119,50.222,41.0345,31.7712,35.9687,37.4099,30.5006,49.2601,39.2615,32.1964,33.3944,39.3219,30.1415,48.6696,38.096,32.4437,31.4103,41.2616,29.8663,48.3453,37.239,32.6033,29.5821,43.3612,29.512,48.1354,36.3985,32.431,27.8205,44.8712,28.9461,48.0207,35.9932,31.9352,26.0684,45.9038,28.0429,47.8633,35.5391,31.1224,21.7949,50.6814,26.0464,48.7591,35.4151,29.1318,18.1838,55.4965,23.7882,50.0894,35.6879,26.482
I5: Refined fusion all 7 equal,29.6193,8,35.326,59.7824,31.5452,33.9316,31.48,27.0265,43.5204,34.3524,27.3604,32.1225,35.222,27.7803,43.7732,33.6165,28.7536,30.2198,37.861,27.9014,43.8023,33.0243,29.3594,28.4722,39.5882,27.584,43.6619,32.3955,29.5536,26.8281,40.9468,27.1265,43.4607,31.8684,29.4118,25.2991,42.4827,26.6807,43.497,31.5876,29.041,24.5144,45.3112,26.7818,44.2499,31.7593,29.2672,20.8547,51.3709,25.2273,45.7516,32.122,27.8751,17.6068,55.1375,23.0717,46.9297,32.5278,25.6418
