model,_micro_f1,_micro_k,MAP,MRR,R-Precision,n_queries,P@5,R@5,F1@5,NDCG@5,MAP@5,MicroF1@5,P@6,R@6,F1@6,NDCG@6,MAP@6,MicroF1@6,P@7,R@7,F1@7,NDCG@7,MAP@7,MicroF1@7,P@8,R@8,F1@8,NDCG@8,MAP@8,MicroF1@8,P@9,R@9,F1@9,NDCG@9,MAP@9,MicroF1@9,P@10,R@10,F1@10,NDCG@10,MAP@10,MicroF1@10,P@11,R@11,F1@11,NDCG@11,MAP@11,MicroF1@11,P@15,R@15,F1@15,NDCG@15,MAP@15,MicroF1@15,P@20,R@20,F1@20,NDCG@20,MAP@20,MicroF1@20
F-B8: Boost Arg+Prec+Ratio ×2  n=9  scheme=log,45.9572,8,60.1283,79.4934,56.4794,234,52.3077,52.11,43.3757,69.1741,61.3796,42.1778,49.1453,55.4743,43.4747,69.0077,60.6182,43.9911,46.5201,59.3333,43.6689,69.2816,60.2651,45.1957,44.1774,62.9554,43.5926,69.5656,59.8261,45.8553,41.5954,65.2786,42.8076,69.3843,59.1865,45.6012,39.0598,66.5993,41.6152,69.1539,58.6791,44.8369,36.9075,68.0491,40.6063,69.1905,58.4426,44.0631,30.0,71.931,36.3146,69.5753,58.1721,40.099,24.6368,74.9206,32.236,70.4575,58.6786,35.8799
F-B8: Boost Arg+Prec+Ratio ×2  n=10  scheme=log,45.7605,9,60.0282,79.4799,56.5354,234,52.1368,51.469,43.1111,68.8392,61.0805,42.04,49.2877,55.5638,43.5812,69.0161,60.6078,44.1186,46.5201,59.4405,43.7239,69.2283,60.1504,45.1957,43.9637,62.3001,43.3213,69.227,59.5845,45.6335,41.6429,65.3071,42.8433,69.3336,59.1127,45.6533,38.9744,66.4414,41.4999,69.0007,58.5195,44.7388,36.9464,68.116,40.6622,69.1389,58.377,44.1095,29.886,71.8097,36.1978,69.4271,58.0229,39.9467,24.594,74.8626,32.1897,70.3535,58.5515,35.8176
F-B8: Boost Arg+Prec+Ratio ×2  n=8  scheme=log,45.7349,8,60.2085,79.9398,56.4611,234,52.3932,52.1809,43.4476,69.3875,61.6132,42.2467,49.0028,55.3125,43.3209,69.0537,60.6795,43.8636,46.398,59.3211,43.6108,69.3435,60.2642,45.0771,43.9637,62.3589,43.341,69.4243,59.7074,45.6335,41.5005,64.8694,42.6316,69.3287,59.157,45.4971,39.3162,66.9953,41.9211,69.4508,58.9281,45.1312,36.9464,68.0677,40.6314,69.3069,58.5404,44.1095,30.114,72.0434,36.4236,69.7522,58.3229,40.2513,24.5726,74.8043,32.157,70.4962,58.7067,35.7865
F-B8: Boost Arg+Prec+Ratio ×2  n=7  scheme=log,45.6794,8,60.455,80.0416,56.7454,234,52.6496,52.3349,43.642,69.6954,62.0158,42.4535,49.1453,55.3718,43.4269,69.2919,60.9797,43.9911,46.5201,59.4008,43.695,69.593,60.6178,45.1957,43.9103,62.2341,43.2576,69.538,59.927,45.578,41.358,64.2738,42.4496,69.2663,59.2697,45.341,39.188,66.839,41.7995,69.4958,59.0393,44.9841,36.9075,67.9305,40.5805,69.3942,58.7251,44.0631,30.114,72.0501,36.4253,69.9063,58.553,40.2513,24.5726,74.7793,32.1462,70.6366,58.9399,35.7865
F-B8: Boost Arg+Prec+Ratio ×2  n=5  scheme=log,45.6238,8,60.7429,80.1346,57.1899,234,52.906,52.078,43.7063,69.9802,62.4841,42.6602,49.359,55.3282,43.6196,69.5921,61.4523,44.1823,46.4591,58.9834,43.6017,69.6635,60.924,45.1364,43.8568,61.9632,43.195,69.6569,60.2789,45.5226,41.1206,63.6837,42.2031,69.2108,59.4054,45.0807,38.7607,66.1874,41.3317,69.3337,59.0509,44.4935,36.5967,67.5195,40.2531,69.3229,58.7645,43.692,29.943,71.8279,36.2408,69.9441,58.7401,40.0228,24.6154,75.204,32.2262,70.9261,59.2451,35.8488
E: Fact+Arg+Prec+Ratio  n=9  scheme=log,45.5682,8,59.291,79.0115,55.6202,234,52.2222,51.1511,42.9189,68.8708,61.2463,42.1089,48.7892,54.5356,42.9777,68.5304,60.2043,43.6723,46.0317,58.5406,43.168,68.7462,59.6217,44.7212,43.8034,61.5294,43.039,68.9319,59.3357,45.4671,40.6458,63.3559,41.6972,68.3531,58.2311,44.5601,38.2051,65.0764,40.6362,68.2078,57.7031,43.8558,36.2082,66.8668,39.748,68.3664,57.5174,43.2282,29.5157,70.3785,35.6352,68.6915,57.2806,39.4516,24.2094,73.6937,31.6484,69.618,57.7468,35.2575
E: Fact+Arg+Prec+Ratio  n=10  scheme=log,45.5682,8,59.3009,79.003,55.289,234,51.9658,51.0443,42.7708,68.6684,61.0043,41.9021,48.8604,54.7842,43.101,68.594,60.2346,43.7361,46.337,58.8803,43.4789,68.944,59.8243,45.0178,43.8034,61.607,43.0694,68.944,59.369,45.4671,40.5983,63.7349,41.706,68.4282,58.2285,44.5081,38.2906,65.1265,40.6946,68.2617,57.7658,43.9539,36.0917,66.7476,39.6308,68.2891,57.4258,43.0891,29.5726,70.5103,35.7026,68.7581,57.3251,39.5278,24.188,73.6403,31.6116,69.6068,57.7499,35.2264
F-B8: Boost Arg+Prec+Ratio ×2  n=6  scheme=log,45.5126,8,60.4639,79.8855,56.8168,234,52.5641,51.895,43.483,69.5248,61.9517,42.3846,49.2165,55.6258,43.5716,69.3637,60.9837,44.0548,46.5201,58.9896,43.627,69.4664,60.6385,45.1957,43.75,61.8678,43.0944,69.3518,59.8533,45.4117,41.358,64.4218,42.5251,69.2623,59.2481,45.341,38.9744,66.5717,41.5698,69.3,58.8641,44.7388,36.9075,68.3112,40.6023,69.4515,58.6921,44.0631,30.057,72.0064,36.3769,69.8359,58.5174,40.1752,24.5726,74.8411,32.1533,70.62,58.952,35.7865
E: Fact+Arg+Prec+Ratio  n=5  scheme=augmented,45.4086,7,59.1259,78.3439,55.2168,234,52.3932,51.5666,43.231,68.6612,60.9005,42.2467,49.4302,55.9839,43.8302,68.8231,60.2436,44.2461,46.6422,59.8098,43.8968,69.021,59.7302,45.3144,43.5363,61.6097,42.8442,68.5078,58.7805,45.1899,40.7407,63.7087,41.9161,68.1358,57.9063,44.6642,38.2479,64.8486,40.6811,67.847,57.3603,43.9048,36.2471,66.2155,39.7401,67.9203,57.1803,43.2746,29.3732,69.6973,35.4782,68.1796,56.8766,39.2612,24.3803,73.5258,31.844,69.3745,57.5644,35.5065
E: Fact+Arg+Prec+Ratio  n=8  scheme=log,45.4015,8,59.5447,79.2376,55.9861,234,52.2222,51.1717,42.9372,69.0667,61.5801,42.1089,48.5755,54.4085,42.8286,68.5857,60.3396,43.481,45.9707,58.2486,43.0939,68.8227,59.835,44.6619,43.6432,61.7149,42.9168,69.0884,59.4606,45.3008,40.5983,63.2399,41.6295,68.472,58.408,44.5081,38.2479,65.4415,40.6904,68.4877,57.9414,43.9048,36.1694,66.9305,39.7559,68.5381,57.7438,43.1818,29.5442,70.5317,35.7018,68.9214,57.5446,39.4897,24.2094,73.7269,31.6629,69.8022,57.9794,35.2575
F-B3: Boost Prec+Ratio ×5  n=5  scheme=log,45.4015,8,59.402,78.9813,55.5203,234,52.3077,52.0384,43.4297,68.749,60.6687,42.1778,49.4302,56.1456,43.9225,68.9179,60.1639,44.2461,46.5201,59.6806,43.794,68.9991,59.622,45.1957,43.6432,62.07,43.0944,68.7285,58.8974,45.3008,41.2631,63.8686,42.2808,68.4821,58.2486,45.2369,38.7179,65.7149,41.2004,68.357,57.7454,44.4444,36.519,67.4962,40.1594,68.4362,57.4607,43.5993,29.8291,71.1972,36.0416,68.8735,57.3553,39.8705,24.5299,75.0363,32.0844,69.9679,57.8983,35.7243
F-B3: Boost Prec+Ratio ×5  n=6  scheme=log,45.4015,8,59.2146,78.7339,55.4051,234,52.2222,51.6009,43.2276,68.4119,60.3914,42.1089,49.7151,56.7316,44.224,69.0285,60.2185,44.5011,46.5812,59.681,43.8347,68.8605,59.4915,45.255,43.6432,62.0664,43.0792,68.5777,58.7383,45.3008,41.2156,63.8287,42.2402,68.2918,58.0404,45.1848,38.7607,65.7809,41.2561,68.2287,57.5663,44.4935,36.4413,67.4471,40.0965,68.2301,57.2334,43.5065,29.8006,71.1444,35.9976,68.6886,57.1368,39.8324,24.5726,74.8959,32.0976,69.7897,57.7432,35.7865
E: Fact+Arg+Prec+Ratio  n=7  scheme=augmented,45.3492,7,58.7829,78.5845,54.4247,234,51.9658,50.7641,42.7445,68.152,60.3204,41.9021,49.2165,55.8401,43.6194,68.5882,59.8738,44.0548,46.5812,59.1613,43.7044,68.7176,59.3994,45.255,43.5897,61.6841,42.8984,68.4385,58.6081,45.2454,40.7882,63.5629,41.8696,68.0148,57.7187,44.7163,38.1197,64.7456,40.558,67.6604,57.036,43.7577,35.8974,65.8325,39.4128,67.5402,56.6687,42.8571,29.3732,69.4666,35.4352,67.9758,56.5617,39.2612,24.3162,73.8013,31.7785,69.2534,57.2141,35.4131
B3: Boost Precedent+Ratio ×5,45.2909,9,59.3823,79.0805,55.4569,234,52.6496,51.9016,43.6183,68.9169,61.0195,42.4535,49.0741,55.0522,43.4871,68.4986,59.9485,43.9273,46.2149,58.6884,43.4068,68.6413,59.4108,44.8992,43.4829,61.7051,42.8813,68.5733,58.7695,45.1345,41.2156,64.2369,42.2973,68.5537,58.2735,45.1848,38.5897,65.4738,41.0368,68.2394,57.6732,44.2973,36.519,67.4951,40.1555,68.4323,57.4482,43.5993,30.0855,71.8826,36.3686,69.1678,57.5162,40.2133,24.4231,74.9242,31.9606,69.8965,57.8153,35.5687
F-B3: Boost Prec+Ratio ×5  n=4  scheme=log,45.2909,9,59.3823,79.0805,55.4569,234,52.6496,51.9016,43.6183,68.9169,61.0195,42.4535,49.0741,55.0522,43.4871,68.4986,59.9485,43.9273,46.2149,58.6884,43.4068,68.6413,59.4108,44.8992,43.4829,61.7051,42.8813,68.5733,58.7695,45.1345,41.2156,64.2369,42.2973,68.5537,58.2735,45.1848,38.5897,65.4738,41.0368,68.2394,57.6732,44.2973,36.519,67.4951,40.1555,68.4323,57.4482,43.5993,30.0855,71.8826,36.3686,69.1678,57.5162,40.2133,24.4231,74.9242,31.9606,69.8965,57.8153,35.5687
B2: Boost Precedent+Ratio ×3,45.2904,8,59.8787,79.3451,56.4533,234,52.735,52.2605,43.7223,69.3798,61.518,42.5224,49.1453,55.294,43.5057,68.9484,60.5188,43.9911,46.337,58.7984,43.52,69.0512,60.0262,45.0178,43.5363,61.6859,42.8922,68.9291,59.3732,45.1899,40.9307,63.5391,42.0147,68.5713,58.5676,44.8725,38.547,65.2296,40.9655,68.4578,58.0929,44.2482,36.519,66.9511,40.0672,68.608,57.8815,43.5993,29.9715,71.9266,36.2818,69.4322,57.9232,40.0609,24.5299,75.2144,32.1126,70.3266,58.3615,35.7243
E: Fact+Arg+Prec+Ratio  n=7  scheme=log,45.2904,8,59.6268,79.2348,55.9645,234,52.3932,51.2673,43.062,69.2037,61.7264,42.2467,48.7179,54.5437,42.9673,68.7149,60.502,43.6085,45.8486,58.1694,43.0026,68.788,59.8292,44.5433,43.5363,61.2636,42.7927,68.9568,59.4211,45.1899,40.3609,62.9898,41.4043,68.3318,58.2917,44.2478,38.1624,65.2817,40.5832,68.4384,57.9188,43.8067,36.2082,66.9642,39.7853,68.5882,57.7925,43.2282,29.4587,70.4393,35.6111,68.9057,57.568,39.3755,24.1239,73.593,31.5844,69.7755,58.0061,35.133
F-B3: Boost Prec+Ratio ×5  n=7  scheme=log,45.2904,8,59.2738,78.6604,55.517,234,51.8803,51.579,43.1061,68.2736,60.2955,41.8332,49.2165,55.8965,43.7067,68.6291,59.9882,44.0548,46.337,59.3361,43.5772,68.7057,59.4291,45.0178,43.5363,61.9813,42.9855,68.5474,58.7042,45.1899,41.1681,63.9398,42.2425,68.344,58.1584,45.1327,38.4188,65.2063,40.9431,67.9763,57.4141,44.1011,36.5967,67.5942,40.2429,68.3711,57.3984,43.692,29.8006,71.167,36.0067,68.7393,57.2313,39.8324,24.5513,74.9302,32.0942,69.8254,57.802,35.7554
E: Fact+Arg+Prec+Ratio  n=4  scheme=augmented,45.2897,7,59.3144,78.8266,54.8501,234,52.906,52.0613,43.6936,69.1508,61.397,42.6602,49.7863,56.4669,44.2473,69.2285,60.6726,44.5649,46.5201,59.7967,43.8425,69.0852,59.8314,45.1957,43.4295,61.6008,42.7894,68.5791,58.8909,45.079,40.8832,63.7716,42.0469,68.3403,58.1769,44.8204,38.4615,65.2551,40.9652,68.1683,57.699,44.1501,36.4025,66.5199,39.9397,68.1883,57.4902,43.4601,29.4872,69.8193,35.5979,68.3927,57.161,39.4136,24.2735,73.2474,31.7095,69.3858,57.6857,35.3509
E: Fact+Arg+Prec+Ratio  n=6  scheme=log,45.2348,8,59.3852,78.9853,55.535,234,52.1368,51.1114,42.86,68.8898,61.2761,42.04,48.8604,54.5897,43.0489,68.6443,60.4062,43.7361,45.6044,57.6896,42.7013,68.4095,59.4269,44.306,43.4829,61.2708,42.7657,68.7774,59.1566,45.1345,40.6458,63.0816,41.6282,68.3189,58.2217,44.5601,38.0342,64.76,40.4293,68.0884,57.6079,43.6596,35.9751,66.2111,39.4747,68.1392,57.3803,42.9499,29.6866,70.9763,35.9126,68.9697,57.4861,39.6801,24.1667,73.6672,31.6371,69.6406,57.7994,35.1953
E: Fact+Arg+Prec+Ratio  n=7  scheme=binary,45.2348,8,58.4618,78.5505,54.3913,234,52.0513,51.2904,42.9375,68.3037,60.3336,41.9711,49.0741,55.3761,43.4754,68.3573,59.6581,43.9273,45.9096,58.1975,43.0625,68.1182,58.778,44.6026,43.4829,61.2552,42.7737,68.218,58.3445,45.1345,40.6933,63.1703,41.7809,67.7994,57.4861,44.6122,37.9915,64.1505,40.3682,67.3777,56.7876,43.6105,35.8974,65.5303,39.4131,67.3884,56.5037,42.8571,29.1738,69.1128,35.1869,67.6953,56.2319,38.9947,24.1026,73.0468,31.5137,68.8708,56.8581,35.1019
E: Fact+Arg+Prec+Ratio  n=6  scheme=augmented,45.2303,7,58.9204,78.221,54.8859,234,52.0513,51.3299,42.9653,68.341,60.5303,41.9711,49.359,56.1721,43.8522,68.7412,60.0419,44.1823,46.4591,59.3861,43.6492,68.7309,59.4739,45.1364,43.4295,61.5096,42.7627,68.325,58.5478,45.079,40.8357,63.7336,41.9776,68.0771,57.8155,44.7683,38.0769,64.6624,40.4953,67.6331,57.0887,43.7086,36.014,65.9695,39.5343,67.6337,56.826,42.9963,29.4587,69.7857,35.5623,68.1165,56.743,39.3755,24.3376,73.8478,31.8094,69.2942,57.3438,35.4442
E: Fact+Arg+Prec+Ratio  n=4  scheme=binary,45.1792,8,58.9089,78.8958,54.5143,234,52.8205,51.7781,43.5169,68.9983,61.1849,42.5913,49.4302,55.9868,43.8636,68.8914,60.2191,44.2461,46.2149,59.0516,43.4838,68.6837,59.397,44.8992,43.4295,61.5482,42.7655,68.4935,58.6903,45.079,40.5508,63.4519,41.7415,68.0336,57.7517,44.456,38.0342,64.7563,40.5185,67.7784,57.178,43.6596,36.1694,66.2908,39.7054,67.9494,57.1387,43.1818,29.2877,69.4208,35.3464,68.0987,56.7644,39.147,24.1026,73.1038,31.5263,69.1455,57.2912,35.1019
E: Fact+Arg+Prec+Ratio  n=6  scheme=binary,45.1792,8,58.217,77.9773,54.2623,234,52.1368,51.4331,43.0627,68.0927,60.0964,42.04,48.9316,55.3036,43.3634,68.0135,59.2858,43.7998,46.0317,58.2139,43.1329,67.9161,58.5913,44.7212,43.4295,61.2137,42.7373,67.9139,58.0082,45.079,40.7882,63.3731,41.9285,67.622,57.2597,44.7163,37.9487,64.1101,40.3198,67.0978,56.5007,43.5614,35.8197,65.3989,39.322,67.0612,56.1658,42.7644,29.2593,69.4652,35.333,67.5685,56.0123,39.1089,24.188,73.2408,31.6192,68.7093,56.6435,35.2264
F-B3: Boost Prec+Ratio ×5  n=8  scheme=log,45.1792,8,58.9696,78.8962,54.3165,234,51.8803,51.5113,43.0395,68.1362,60.0978,41.8332,49.2165,55.9491,43.7395,68.5045,59.6755,44.0548,46.337,59.2926,43.5524,68.5725,59.1498,45.0178,43.4295,61.6577,42.8198,68.2949,58.3574,45.079,40.8832,63.726,42.0024,68.0405,57.7066,44.8204,38.3761,65.1744,40.9064,67.8252,57.1558,44.052,36.6356,67.2578,40.2479,68.1854,57.153,43.7384,29.6581,71.059,35.8726,68.5197,56.8854,39.642,24.4017,74.6499,31.9035,69.5503,57.4291,35.5376
B8: Boost Argument+Precedent+Ratio ×2,45.1709,7,61.0322,80.4003,58.0285,234,52.9915,52.213,43.8239,70.3184,62.8816,42.7292,49.4302,55.2956,43.6022,69.9271,61.9097,44.2461,46.398,58.6437,43.4739,69.8685,61.3285,45.0771,43.3226,60.7931,42.6606,69.4029,60.28,44.9681,41.0731,63.6182,42.1586,69.4374,59.7785,45.0286,38.6325,65.4768,41.1159,69.3632,59.353,44.3463,36.1694,66.9702,39.8058,69.2583,58.8449,43.1818,29.9145,71.6186,36.205,70.1301,59.018,39.9848,24.5085,75.1527,32.1137,71.1129,59.5269,35.6932
E: Fact+Arg+Prec+Ratio  n=3  scheme=augmented,45.1709,7,59.4969,79.5064,55.6298,234,52.906,52.3478,43.6882,69.5764,61.823,42.6602,49.4302,56.2423,43.9544,69.335,60.8396,44.2461,46.398,59.1702,43.6017,69.2033,60.154,45.0771,43.3226,61.0963,42.6307,68.7116,59.1351,44.9681,40.7407,63.5871,41.8766,68.5345,58.4238,44.6642,38.3333,65.1408,40.8231,68.3857,57.9673,44.0029,36.2082,66.428,39.826,68.3491,57.6757,43.2282,29.3732,70.1141,35.5196,68.676,57.3524,39.2612,24.1239,73.1955,31.5792,69.5721,57.8521,35.133
E: Fact+Arg+Prec+Ratio  n=5  scheme=binary,45.1709,7,58.4109,77.8628,54.4143,234,52.2222,51.3984,43.0786,68.195,60.4062,42.1089,49.1453,55.4148,43.5491,68.1867,59.542,43.9911,46.398,58.9935,43.5668,68.3307,59.0353,45.0771,43.2158,61.0164,42.5493,67.8332,58.0229,44.8572,40.5508,62.9493,41.6577,67.4739,57.2486,44.456,38.0342,64.2716,40.4441,67.2248,56.7026,43.6596,35.9363,65.8302,39.4289,67.2803,56.464,42.9035,29.2308,69.4041,35.2872,67.6272,56.1923,39.0708,24.1026,73.0813,31.5132,68.7028,56.7646,35.1019
E: Fact+Arg+Prec+Ratio  n=8  scheme=augmented,45.1709,7,58.6945,78.5639,54.3275,234,51.5385,50.2513,42.3304,67.8256,60.0246,41.5575,49.0028,54.8952,43.2924,68.2266,59.672,43.8636,46.398,59.203,43.6146,68.6117,59.2143,45.0771,43.3761,61.4182,42.7443,68.2486,58.4473,45.0236,40.8357,63.6516,41.9327,68.0223,57.7343,44.7683,37.9915,64.574,40.417,67.5271,56.8913,43.6105,35.8197,65.7487,39.3305,67.451,56.5513,42.7644,29.3732,69.4271,35.4154,67.9317,56.4847,39.2612,24.1667,73.5102,31.5956,69.0694,57.0308,35.1953
F-B3: Boost Prec+Ratio ×5  n=3  scheme=log,45.1709,7,58.8326,78.914,54.7072,234,52.3077,51.929,43.5167,68.5501,60.4514,42.1778,48.8604,54.9302,43.304,68.1879,59.5096,43.7361,46.398,58.9349,43.5541,68.6178,59.3117,45.0771,43.3226,61.0445,42.6948,68.1501,58.3844,44.9681,40.6458,63.7967,41.8054,67.9855,57.5644,44.5601,38.0769,65.0601,40.5653,67.6999,56.9346,43.7086,35.9751,66.8378,39.597,67.8154,56.7304,42.9499,29.886,72.1526,36.2095,68.8785,56.9489,39.9467,24.2308,74.8052,31.7666,69.5211,57.2346,35.2886
F-B8: Boost Arg+Prec+Ratio ×2  n=4  scheme=log,45.1709,7,61.0322,80.4003,58.0285,234,52.9915,52.213,43.8239,70.3184,62.8816,42.7292,49.4302,55.2956,43.6022,69.9271,61.9097,44.2461,46.398,58.6437,43.4739,69.8685,61.3285,45.0771,43.3226,60.7931,42.6606,69.4029,60.28,44.9681,41.0731,63.6182,42.1586,69.4374,59.7785,45.0286,38.6325,65.4768,41.1159,69.3632,59.353,44.3463,36.1694,66.9702,39.8058,69.2583,58.8449,43.1818,29.9145,71.6186,36.205,70.1301,59.018,39.9848,24.5085,75.1527,32.1137,71.1129,59.5269,35.6932
E: Fact+Arg+Prec+Ratio  n=5  scheme=log,45.1236,8,59.3292,79.0649,55.5635,234,52.1368,51.0418,42.827,68.853,61.2587,42.04,49.1453,55.0365,43.3516,68.8824,60.6053,43.9911,45.7875,58.2298,42.9167,68.628,59.5917,44.484,43.3761,61.1935,42.675,68.7053,59.0545,45.0236,40.3609,62.4899,41.371,68.0181,57.9742,44.2478,38.0769,64.8639,40.4935,68.1139,57.6078,43.7086,35.9363,66.2523,39.4759,68.1084,57.3393,42.9035,29.5157,70.752,35.7054,68.8112,57.3178,39.4516,23.9957,73.3328,31.4277,69.4492,57.6287,34.9463
F-B8: Boost Arg+Prec+Ratio ×2  n=3  scheme=log,45.1236,8,60.4012,79.913,57.0343,234,52.4786,51.9475,43.4578,69.7067,62.1755,42.3156,48.9316,54.9382,43.188,69.2995,61.1638,43.7998,46.1538,58.5684,43.3238,69.4259,60.6512,44.8399,43.3761,61.0616,42.7763,69.1816,59.8927,45.0236,40.9782,63.488,42.112,69.0634,59.3162,44.9245,38.4615,65.4668,40.9514,68.9868,58.7325,44.1501,36.4025,67.6369,40.0899,69.2309,58.5492,43.4601,29.6581,71.4446,35.9803,69.6571,58.3463,39.642,24.188,74.2716,31.7259,70.4238,58.7583,35.2264
E: Fact+Arg+Prec+Ratio  n=8  scheme=binary,45.0681,8,58.1545,78.0204,54.2369,234,51.453,50.279,42.2894,67.5501,59.6453,41.4886,49.1453,55.3198,43.45,68.1683,59.5183,43.9911,45.9096,58.3685,43.1072,67.9409,58.569,44.6026,43.3226,61.2675,42.6586,67.931,58.0612,44.9681,40.5983,63.0433,41.6763,67.5023,57.2273,44.5081,37.8205,63.996,40.2082,67.0402,56.4211,43.4143,35.6643,65.1991,39.1422,66.9759,56.0996,42.5788,29.1453,69.0535,35.1487,67.4256,55.9104,38.9566,24.0171,72.8691,31.3995,68.5456,56.506,34.9774
F-B8: Boost Arg+Prec+Ratio ×2  n=7  scheme=augmented,45.0681,8,59.4917,78.9523,54.803,234,51.5385,50.8852,42.5888,68.2793,60.4506,41.5575,48.7179,55.6004,43.2332,68.6069,60.0774,43.6085,45.8486,58.873,43.1506,68.5968,59.4404,44.5433,43.3226,62.1277,42.8302,68.7046,58.9096,44.9681,40.4084,63.6097,41.6044,68.1253,57.8948,44.2998,38.2906,65.2291,40.7766,68.1243,57.6195,43.9539,36.2859,66.8894,39.9334,68.2632,57.491,43.321,29.4302,70.6849,35.6496,68.6219,57.1999,39.3374,24.2308,73.8912,31.7418,69.5814,57.7267,35.2886
F-B8: Boost Arg+Prec+Ratio ×2  n=7  scheme=binary,45.0125,8,59.1634,78.9398,54.5673,234,51.453,50.7427,42.482,68.1515,60.304,41.4886,48.6467,54.8677,43.0795,68.313,59.8536,43.5448,45.5433,57.7801,42.7315,68.1021,59.0341,44.2467,43.2692,61.6379,42.711,68.4571,58.6625,44.9127,40.2659,63.161,41.4434,67.8537,57.6,44.1437,38.2479,65.3074,40.7693,68.0224,57.4277,43.9048,36.2082,66.6401,39.8154,68.0561,57.2504,43.2282,29.3162,70.5242,35.5195,68.4225,56.9641,39.1851,24.0598,73.4039,31.5029,69.2536,57.404,35.0397
B1: Boost Precedent+Ratio ×2,44.9569,8,60.0421,79.6756,56.1929,234,52.8205,52.3352,43.8059,69.7005,61.9418,42.5913,49.0741,55.1171,43.361,69.1407,60.82,43.9273,45.7875,58.2763,43.0238,68.902,60.0052,44.484,43.2158,61.115,42.5968,68.8505,59.3451,44.8572,40.8832,63.63,41.9907,68.7714,58.7704,44.8204,38.3761,65.5029,40.9028,68.6567,58.1898,44.052,36.4413,66.9425,40.0288,68.7595,58.031,43.5065,29.7436,71.2397,35.981,69.332,57.9014,39.7563,24.4658,75.3159,32.0786,70.508,58.4997,35.6309
B6: Boost Fact+Precedent+Ratio ×2,44.9569,8,59.546,79.2989,55.2825,234,52.3932,51.998,43.3695,69.132,61.2439,42.2467,49.2877,55.7543,43.6245,69.1186,60.563,44.1186,45.7875,58.954,43.098,68.816,59.5737,44.484,43.2158,61.3319,42.5882,68.6485,58.9527,44.8572,40.5508,63.5997,41.6982,68.3653,58.1599,44.456,38.2479,65.8319,40.8137,68.4267,57.7725,43.9048,36.3248,67.2298,39.9196,68.529,57.5793,43.3673,29.8006,71.4988,36.076,69.1684,57.5137,39.8324,24.188,74.5356,31.7248,69.9065,57.8247,35.2264
B7: Boost Fact+Precedent+Ratio ×3,44.9569,8,59.5408,79.5505,55.032,234,52.4786,52.2592,43.4715,69.2807,61.254,42.3156,49.2165,55.8032,43.6172,69.1235,60.4962,44.0548,45.8486,59.0381,43.1556,68.8929,59.598,44.5433,43.2158,61.4703,42.6288,68.7126,58.9808,44.8572,40.6933,63.8296,41.8373,68.5289,58.2751,44.6122,38.3761,65.84,40.9009,68.5239,57.8615,44.052,36.1694,67.1346,39.7749,68.4772,57.495,43.1818,29.8291,71.4414,36.1104,69.1976,57.5454,39.8705,24.2094,74.5211,31.7349,69.932,57.8274,35.2575
E: Fact+Arg+Prec+Ratio  n=3  scheme=binary,44.9569,8,59.0961,79.3208,55.1058,234,52.8205,51.6135,43.4952,69.2121,61.6022,42.5913,49.2877,55.861,43.8152,69.044,60.5027,44.1186,46.1538,58.6145,43.3475,68.8156,59.7249,44.8399,43.2158,61.0043,42.5338,68.5004,58.863,44.8572,40.6933,63.6045,41.8652,68.3688,58.1968,44.6122,38.2051,65.0374,40.7079,68.1647,57.6908,43.8558,36.014,66.2079,39.6204,68.0685,57.3425,42.9963,29.2023,69.4494,35.3048,68.2924,56.9902,39.0327,23.8462,72.681,31.2317,69.1365,57.3753,34.7285
E: Fact+Arg+Prec+Ratio  n=9  scheme=augmented,44.9569,8,58.1827,77.7339,53.8453,234,51.3675,50.1757,42.2259,67.3368,59.4766,41.4197,48.7892,54.7344,43.1043,67.709,59.1319,43.6723,45.9096,58.3298,43.0675,67.794,58.4681,44.6026,43.2158,61.2441,42.5872,67.7312,57.8813,44.8572,40.7407,63.5483,41.8332,67.5563,57.2101,44.6642,37.906,64.4937,40.3349,67.0676,56.3811,43.5124,35.7032,65.6102,39.2051,66.962,56.0002,42.6252,29.2877,69.3331,35.3237,67.4652,55.9433,39.147,24.1667,73.5286,31.5988,68.6693,56.5386,35.1953
F-B3: Boost Prec+Ratio ×5  n=9  scheme=log,44.9569,8,58.8641,78.7717,54.3046,234,51.8803,51.4258,42.9787,68.0924,60.0425,41.8332,49.1453,55.7355,43.6326,68.3793,59.603,43.9911,45.9707,58.7125,43.1427,68.2196,58.9003,44.6619,43.2158,61.3625,42.575,68.0823,58.1751,44.8572,40.8357,63.616,41.9251,67.944,57.6248,44.7683,38.3761,65.5243,40.9264,67.8575,57.0976,44.052,36.4413,66.8454,40.0085,67.947,56.9368,43.5065,29.5442,70.5327,35.7306,68.2921,56.7028,39.4897,24.4444,74.732,31.9567,69.5249,57.363,35.5998
F-B8: Boost Arg+Prec+Ratio ×2  n=6  scheme=augmented,44.9014,8,59.8112,79.2305,55.1743,234,51.5385,50.7107,42.5247,68.4386,60.7187,41.5575,48.7179,55.6352,43.2648,68.808,60.3386,43.6085,46.0317,59.0684,43.3144,68.9435,59.7667,44.7212,43.1624,61.9579,42.6788,68.7963,59.0468,44.8018,40.4558,63.7265,41.6595,68.3888,58.2013,44.3519,38.5043,65.5924,41.0071,68.5329,58.022,44.1992,36.3636,66.9905,40.0127,68.5397,57.8177,43.4137,29.4872,70.8032,35.7312,68.8936,57.5425,39.4136,24.2735,74.0459,31.8072,69.8696,58.0699,35.3509
E: Fact+Arg+Prec+Ratio  n=9  scheme=binary,44.8458,8,57.7282,77.7231,53.6504,234,51.3675,50.076,42.1761,67.199,59.2343,41.4197,48.5755,54.451,42.8778,67.427,58.7657,43.481,45.7265,58.0686,42.8629,67.5243,58.137,44.4247,43.109,61.0293,42.4528,67.4961,57.5375,44.7463,40.3609,62.8591,41.4724,67.0733,56.682,44.2478,37.6923,63.8242,40.0655,66.6645,55.9462,43.2671,35.5866,65.1654,39.0784,66.6598,55.6471,42.4861,29.1738,69.1596,35.1997,67.195,55.5393,38.9947,23.9957,72.7922,31.363,68.2311,56.0766,34.9463
E: Fact+Arg+Prec+Ratio  n=10  scheme=augmented,44.8458,8,57.798,77.4915,53.171,234,51.2821,50.0246,42.1114,67.0448,59.1013,41.3508,48.6467,54.7027,43.0053,67.4208,58.7829,43.5448,45.7265,58.194,42.9216,67.4507,58.0236,44.4247,43.109,61.1258,42.4808,67.4237,57.4704,44.7463,40.5508,63.078,41.648,67.1264,56.7578,44.456,37.906,64.4794,40.3263,66.8296,56.0283,43.5124,35.7032,65.5698,39.1868,66.7162,55.6671,42.6252,29.3162,69.3881,35.3725,67.2505,55.5668,39.1851,24.1239,73.4188,31.5358,68.376,56.1396,35.133
F-B8: Boost Arg+Prec+Ratio ×2  n=5  scheme=augmented,44.8458,8,60.0007,79.366,55.474,234,52.0513,51.4129,42.9746,68.9896,61.3167,41.9711,49.0741,56.2918,43.7034,69.2859,60.7671,43.9273,45.8486,58.9537,43.1825,68.9729,59.9219,44.5433,43.109,61.7976,42.61,68.8689,59.1712,44.7463,40.4084,63.747,41.6435,68.4994,58.3466,44.2998,38.5897,65.6781,41.0984,68.711,58.2705,44.2973,36.3636,66.97,40.003,68.666,57.98,43.4137,29.4872,70.802,35.738,69.0141,57.7237,39.4136,24.2949,74.0616,31.8164,70.0039,58.2684,35.382
F-B8: Boost Arg+Prec+Ratio ×2  n=8  scheme=augmented,44.8458,8,59.2283,78.8125,54.6769,234,51.5385,50.8709,42.5746,68.1096,60.2111,41.5575,48.3618,54.6965,42.8663,68.0286,59.5052,43.2898,45.7265,58.8267,43.0313,68.3682,59.0326,44.4247,43.109,61.8408,42.6107,68.3629,58.4445,44.7463,40.4558,63.7012,41.6682,68.006,57.6759,44.3519,38.4615,65.4194,40.9455,68.092,57.4731,44.1501,36.2082,66.5592,39.8082,67.9819,57.1604,43.2282,29.4872,70.7703,35.7179,68.5153,56.9916,39.4136,24.1667,73.7428,31.657,69.3619,57.436,35.1953
F-B3: Boost Prec+Ratio ×5  n=10  scheme=log,44.8143,7,58.9235,78.6462,54.2971,234,51.8803,51.5766,43.0486,68.1498,60.1227,41.8332,49.2877,56.0127,43.7923,68.5582,59.8096,44.1186,46.0317,58.9246,43.2331,68.3448,59.0644,44.7212,43.0556,61.1526,42.4172,67.9962,58.1454,44.6909,40.6933,63.4331,41.7763,67.8721,57.605,44.6122,38.2479,64.8659,40.7076,67.6742,57.1039,43.9048,36.4413,66.8454,40.0085,67.9742,57.0118,43.5065,29.4872,70.4687,35.671,68.2787,56.7486,39.4136,24.4658,74.7362,31.9723,69.5566,57.4355,35.6309
F-B3: Boost Prec+Ratio ×5  n=5  scheme=augmented,44.7902,8,59.6922,79.337,55.4304,234,51.8803,50.9269,42.7524,68.6988,61.0768,41.8332,48.7179,55.8328,43.3379,68.905,60.4113,43.6085,45.7265,58.4959,42.9112,68.7091,59.6932,44.4247,43.0556,61.6323,42.5321,68.683,58.9626,44.6909,40.3134,63.5059,41.496,68.2838,58.1252,44.1957,38.4188,65.4118,40.8871,68.4542,57.9598,44.1011,36.0528,66.4777,39.6233,68.2871,57.5467,43.0427,29.3447,70.4706,35.5464,68.7179,57.3558,39.2232,24.2521,73.9148,31.7229,69.7786,57.9794,35.3197
F-B3: Boost Prec+Ratio ×5  n=6  scheme=augmented,44.7346,8,59.243,78.8867,54.6891,234,51.7094,50.7774,42.6199,68.3071,60.5637,41.6954,48.5755,55.6413,43.1625,68.528,59.9263,43.481,45.6044,58.4879,42.8497,68.3726,59.1383,44.306,43.0021,61.4795,42.4381,68.3505,58.5786,44.6354,40.2184,63.3765,41.39,67.9431,57.6808,44.0916,38.2051,65.1116,40.6539,68.0172,57.4527,43.8558,36.014,66.3254,39.5753,67.9512,57.156,42.9963,29.2877,70.2689,35.4549,68.3629,56.9186,39.147,24.1667,73.8104,31.6425,69.4252,57.5079,35.1953
F-B3: Boost Prec+Ratio ×5  n=7  scheme=augmented,44.7346,8,58.4648,78.0304,53.6617,234,51.1966,50.5267,42.2324,67.522,59.4979,41.2819,48.2906,54.8197,42.7662,67.673,58.9938,43.226,45.2991,57.9052,42.5557,67.5509,58.1984,44.0095,43.0021,61.6049,42.4299,67.8637,57.8636,44.6354,40.2184,63.2499,41.3524,67.3737,56.9446,44.0916,38.1197,64.9712,40.5651,67.4052,56.6945,43.7577,35.8974,66.1698,39.451,67.324,56.3967,42.8571,29.1168,69.9942,35.2514,67.6745,56.0789,38.9185,24.1239,73.7316,31.5897,68.8304,56.723,35.133
F-B8: Boost Arg+Prec+Ratio ×2  n=4  scheme=augmented,44.7346,8,59.6384,78.7434,54.9876,234,52.4786,52.0183,43.475,69.0476,61.2861,42.3156,49.0028,56.2217,43.6431,68.9699,60.3851,43.8636,45.6044,58.7106,42.9338,68.5472,59.4372,44.306,43.0021,61.4804,42.531,68.4579,58.7892,44.6354,40.4558,63.3733,41.631,68.1418,58.0317,44.3519,38.3761,65.0454,40.8229,68.1754,57.7868,44.052,36.2471,66.3193,39.7962,68.1577,57.4744,43.2746,29.6866,71.3853,36.0226,68.9327,57.4651,39.6801,24.2735,74.2801,31.8207,69.7439,57.9154,35.3509
F-B8: Boost Arg+Prec+Ratio ×2  n=6  scheme=binary,44.7346,8,59.4599,79.2108,55.0025,234,51.1966,50.4115,42.2262,68.1326,60.4342,41.2819,48.5043,54.8337,43.0282,68.3961,60.0385,43.4173,45.7265,58.379,42.9846,68.5203,59.4142,44.4247,43.0021,61.4561,42.4961,68.4848,58.7514,44.6354,40.3134,63.5769,41.5221,68.1685,57.9409,44.1957,38.2479,65.2463,40.7413,68.2003,57.682,43.9048,36.2859,67.2736,39.9659,68.4404,57.5844,43.321,29.2877,70.4627,35.4838,68.5898,57.1981,39.147,24.1026,73.4973,31.562,69.5034,57.7207,35.1019
B4: Boost Ratio ×3,44.6791,8,59.898,79.399,56.8758,234,52.4786,52.0021,43.4599,69.3443,61.6136,42.3156,49.2877,55.8314,43.7524,69.3217,61.021,44.1186,45.6044,58.6721,42.9726,68.879,59.9095,44.306,42.9487,61.1705,42.4281,68.7176,59.1818,44.58,40.6458,63.5445,41.8977,68.6069,58.5803,44.5601,38.2906,65.4866,40.8753,68.6092,58.2224,43.9539,36.0917,66.7122,39.7383,68.5531,57.8537,43.0891,29.7721,71.7203,36.0389,69.4569,57.9501,39.7944,24.0812,74.7721,31.622,70.149,58.1946,35.0708
E: Fact+Arg+Prec+Ratio  n=10  scheme=binary,44.6791,8,57.4411,77.4959,53.2436,234,51.3675,50.0997,42.1927,67.0384,59.0518,41.4197,48.5755,54.5935,42.9134,67.3141,58.5769,43.481,45.5433,57.9613,42.7325,67.2494,57.8042,44.2467,42.9487,60.91,42.3175,67.2306,57.252,44.58,40.0285,62.5606,41.1811,66.6769,56.2058,43.8834,37.7778,63.8954,40.1424,66.5429,55.7438,43.3652,35.5478,64.9968,38.9893,66.4263,55.3831,42.4397,29.0598,69.0672,35.0982,66.9453,55.1936,38.8423,23.9957,72.7862,31.3613,68.045,55.8038,34.9463
F-B3: Boost Prec+Ratio ×5  n=4  scheme=augmented,44.6791,8,59.7281,79.0166,55.4265,234,52.3932,51.496,43.2867,69.0051,61.3719,42.2467,48.9316,56.0793,43.5481,69.0283,60.4498,43.7998,45.8486,59.0184,43.1957,68.8615,59.7682,44.5433,42.9487,61.4295,42.4781,68.5585,58.9199,44.58,40.3609,63.3277,41.5432,68.2245,58.1331,44.2478,38.1197,64.7971,40.577,68.131,57.7481,43.7577,36.1694,66.2876,39.728,68.2485,57.5837,43.1818,29.6296,70.7513,35.895,68.8747,57.5373,39.604,24.2094,74.1472,31.7352,69.7834,57.9805,35.2575
F-B8: Boost Arg+Prec+Ratio ×2  n=8  scheme=binary,44.6791,8,58.7183,78.5523,54.1349,234,51.2821,50.5603,42.2996,67.7352,59.7921,41.3508,48.0769,54.3152,42.5798,67.6007,59.0056,43.0347,45.4823,57.8667,42.7075,67.7927,58.5422,44.1874,42.9487,61.33,42.431,67.9244,57.9506,44.58,40.4084,63.2155,41.5516,67.6286,57.2647,44.2998,38.2479,65.1755,40.7238,67.6971,57.0009,43.9048,36.0917,66.3787,39.6621,67.6462,56.7309,43.0891,29.3162,70.5203,35.5181,68.1287,56.5247,39.1851,24.0598,73.4285,31.5117,68.9668,56.966,35.0397
F-B8: Boost Arg+Prec+Ratio ×2  n=2  scheme=log,44.6235,8,59.0551,79.8522,55.528,234,51.6239,50.9985,42.5406,68.8893,61.0861,41.6265,48.2194,54.8116,42.6504,68.7066,60.1419,43.1623,45.4212,58.5054,42.8059,68.8429,59.7058,44.1281,42.8953,61.5209,42.4983,68.8379,58.9932,44.5245,39.8386,62.8266,41.1523,68.1314,57.9318,43.6752,37.6068,64.6248,40.241,68.1321,57.558,43.169,35.3535,66.0095,39.1082,68.0838,57.2045,42.2078,28.7464,70.2907,34.9793,68.6241,57.0252,38.4235,23.4188,73.1066,30.8324,69.3694,57.3339,34.1061
F-B8: Boost Arg+Prec+Ratio ×2  n=5  scheme=binary,44.6235,8,59.5194,79.0749,54.8074,234,51.6239,50.6195,42.4638,68.4545,60.8331,41.6265,48.7892,55.3692,43.3687,68.7201,60.2987,43.6723,45.5433,58.3359,42.8663,68.4776,59.3732,44.2467,42.8953,61.2234,42.3658,68.417,58.7003,44.5245,40.3609,63.6995,41.596,68.2506,58.0002,44.2478,38.3761,65.4385,40.887,68.3328,57.8087,44.052,36.3248,67.2627,39.9789,68.4902,57.6703,43.3673,29.3732,70.5672,35.5914,68.6818,57.3071,39.2612,24.0598,73.507,31.5248,69.5154,57.7543,35.0397
F-B8: Boost Arg+Prec+Ratio ×2  n=10  scheme=augmented,44.6235,8,58.7476,77.9828,54.4408,234,51.1966,50.3638,42.1912,67.4893,59.707,41.2819,48.0769,54.1596,42.5273,67.4126,58.9228,43.0347,45.7265,58.8895,43.0704,68.0255,58.6058,44.4247,42.8953,61.4586,42.3671,67.8306,57.846,44.5245,40.3134,63.5144,41.5245,67.5534,57.1659,44.1957,38.2906,65.218,40.7711,67.6331,56.9695,43.9539,35.8974,66.2304,39.4855,67.4285,56.5493,42.8571,29.4302,70.5126,35.6161,68.0791,56.5428,39.3374,24.1239,73.6316,31.5991,68.9647,56.9805,35.133
A3: Fact + Argument + Precedent + Ratio,44.5765,7,59.3394,79.5847,55.6865,234,51.8803,51.0196,42.7233,68.8768,61.2989,41.8332,48.8604,54.8729,43.1353,68.8785,60.5446,43.7361,45.7875,58.1528,42.8866,68.7861,59.7662,44.484,42.8419,60.6424,42.2249,68.4735,58.7953,44.4691,40.2184,62.443,41.2655,68.0936,57.9623,44.0916,38.1197,64.7954,40.5658,68.268,57.7122,43.7577,35.8197,66.3874,39.4076,68.2488,57.371,42.7644,29.4017,70.088,35.5222,68.7433,57.3053,39.2993,23.8462,73.2139,31.2659,69.4738,57.5801,34.7285
E: Fact+Arg+Prec+Ratio  n=4  scheme=log,44.5765,7,59.3394,79.5847,55.6865,234,51.8803,51.0196,42.7233,68.8768,61.2989,41.8332,48.8604,54.8729,43.1353,68.8785,60.5446,43.7361,45.7875,58.1528,42.8866,68.7861,59.7662,44.484,42.8419,60.6424,42.2249,68.4735,58.7953,44.4691,40.2184,62.443,41.2655,68.0936,57.9623,44.0916,38.1197,64.7954,40.5658,68.268,57.7122,43.7577,35.8197,66.3874,39.4076,68.2488,57.371,42.7644,29.4017,70.088,35.5222,68.7433,57.3053,39.2993,23.8462,73.2139,31.2659,69.4738,57.5801,34.7285
F-B3: Boost Prec+Ratio ×5  n=8  scheme=augmented,44.5679,8,58.2749,78.1263,53.3097,234,51.0256,50.3668,42.0698,67.3155,59.2778,41.144,48.0057,54.2728,42.4784,67.3136,58.5914,42.971,45.116,57.5173,42.3616,67.2815,57.8649,43.8316,42.8419,61.4592,42.3001,67.6567,57.5056,44.4691,40.1235,63.0131,41.2055,67.1868,56.6483,43.9875,38.2051,64.9822,40.628,67.3632,56.5737,43.8558,35.8974,66.1228,39.4468,67.2261,56.2039,42.8571,29.2308,70.1357,35.374,67.6908,56.0018,39.0708,24.0385,73.3072,31.4554,68.6084,56.4953,35.0086
F-B8: Boost Arg+Prec+Ratio ×2  n=3  scheme=augmented,44.5679,8,59.4543,79.2157,54.8778,234,52.5641,52.404,43.5371,69.2575,61.2997,42.3846,48.8604,56.1428,43.5031,68.9525,60.2791,43.7361,45.6044,59.0075,43.0471,68.6672,59.3282,44.306,42.8419,61.2896,42.3617,68.3975,58.6273,44.4691,40.4084,63.3264,41.5827,68.164,57.9664,44.2998,38.4188,65.3009,40.9124,68.3162,57.8018,44.1011,36.2471,66.5912,39.855,68.2827,57.468,43.2746,29.6011,70.957,35.8721,68.8758,57.3748,39.5659,24.1453,74.1671,31.6636,69.6966,57.7366,35.1642
F-B3: Boost Prec+Ratio ×5  n=3  scheme=augmented,44.5171,7,59.5347,79.3106,54.9958,234,52.8205,52.625,43.7579,69.5064,61.5222,42.5913,49.0028,56.2567,43.6278,69.1178,60.4963,43.8636,45.7265,59.0816,43.1281,68.828,59.5531,44.4247,42.735,61.1771,42.2901,68.3823,58.6064,44.3582,40.3609,63.3512,41.573,68.2245,58.0137,44.2478,38.2906,65.2732,40.8281,68.3303,57.8165,43.9539,36.3636,66.7835,39.9887,68.4593,57.6243,43.4137,29.5442,71.0328,35.8636,68.9445,57.3998,39.4897,24.0812,74.0627,31.5861,69.7206,57.7831,35.0708
F-B8: Boost Arg+Prec+Ratio ×2  n=4  scheme=binary,44.5124,8,59.3467,78.7736,54.7984,234,52.1368,51.4105,43.1307,68.6924,60.9849,42.04,48.7892,55.7546,43.4575,68.6829,60.1421,43.6723,45.5433,58.3512,42.8572,68.3661,59.259,44.2467,42.7885,61.1836,42.3082,68.2214,58.5168,44.4136,40.2184,63.0472,41.3665,67.8929,57.7373,44.0916,38.2479,64.926,40.7098,68.0145,57.5753,43.9048,36.2859,66.3961,39.8457,68.1245,57.3691,43.321,29.3162,70.4755,35.5283,68.4669,57.062,39.1851,24.1453,73.9214,31.6448,69.4988,57.6584,35.1642
F-B8: Boost Arg+Prec+Ratio ×2  n=3  scheme=binary,44.5082,9,58.9786,78.8784,54.4713,234,51.9658,51.27,42.9235,68.4996,60.6851,41.9021,48.3618,55.0791,43.0404,68.1939,59.6205,43.2898,45.2381,58.0885,42.5933,68.0304,58.8077,43.9502,42.735,61.5117,42.3086,68.1451,58.2335,44.3582,40.5033,63.8314,41.7323,68.083,57.7248,44.404,38.4188,65.6857,40.9496,68.1673,57.4899,44.1011,36.1694,66.8684,39.7962,68.0727,57.1272,43.1818,29.3162,70.2638,35.508,68.3272,56.862,39.1851,23.953,73.824,31.4342,69.2556,57.2594,34.8841
B5: Boost Precedent ×3,44.4568,8,58.5696,78.6053,53.5628,234,52.735,51.8378,43.464,68.7078,60.5677,42.5224,49.0028,55.1033,43.2527,68.2404,59.4912,43.8636,45.4212,57.9519,42.6477,67.7899,58.4315,44.1281,42.735,60.9049,42.217,67.7059,57.7224,44.3582,40.2184,63.1679,41.4112,67.4867,56.957,44.0916,38.3333,65.6363,40.8618,67.8089,56.885,44.0029,35.9751,66.7831,39.592,67.6685,56.4662,42.9499,29.4587,70.7924,35.6577,68.2175,56.4011,39.3755,24.0598,73.9293,31.546,69.0658,56.8165,35.0397
F-B3: Boost Prec+Ratio ×5  n=3  scheme=binary,44.4568,8,59.0587,79.1497,54.4362,234,51.7949,51.1418,42.781,68.4857,60.6929,41.7643,48.5043,55.1327,43.1183,68.3674,59.794,43.4173,45.2381,58.0661,42.5722,68.1154,58.8838,43.9502,42.735,61.3385,42.3206,68.1833,58.2809,44.3582,40.4084,63.4584,41.6254,68.0363,57.7323,44.2998,38.4615,65.7652,41.0031,68.2861,57.6101,44.1501,36.2082,66.8939,39.8492,68.1695,57.2165,43.2282,29.4017,70.5398,35.6436,68.5137,56.9811,39.2993,23.953,73.893,31.4491,69.3599,57.3596,34.8841
F-B3: Boost Prec+Ratio ×5  n=4  scheme=binary,44.4568,8,59.335,78.8058,54.9259,234,52.3077,51.4289,43.2155,68.8018,61.1011,42.1778,48.8604,55.6847,43.4567,68.7326,60.202,43.7361,45.3602,58.2222,42.706,68.2811,59.1507,44.0688,42.735,61.0846,42.2358,68.201,58.4943,44.3582,40.2659,63.2149,41.4426,67.9868,57.8193,44.1437,38.2051,64.9116,40.6758,68.0264,57.5879,43.8558,36.0917,66.165,39.6378,68.0173,57.2876,43.0891,29.3732,70.4668,35.5766,68.5037,57.1059,39.2612,24.0812,73.7007,31.5368,69.4246,57.608,35.0708
F-B3: Boost Prec+Ratio ×5  n=6  scheme=binary,44.4568,8,58.9471,78.6932,54.5566,234,51.453,50.6059,42.4061,68.1053,60.2939,41.4886,48.3618,54.7332,42.8572,68.1213,59.6536,43.2898,45.3602,57.5796,42.5616,67.9327,58.8094,44.0688,42.735,60.8218,42.1176,67.9717,58.2238,44.3582,40.0285,63.1557,41.1956,67.6933,57.3902,43.8834,38.0342,64.9827,40.5054,67.7935,57.1989,43.6596,35.8974,66.2192,39.45,67.7596,56.9482,42.8571,29.2023,70.1699,35.3503,68.1848,56.7024,39.0327,23.8462,72.8773,31.2157,68.9148,57.1149,34.7285
F-B3: Boost Prec+Ratio ×5  n=7  scheme=binary,44.4568,8,58.467,78.4012,53.6487,234,51.1966,50.6125,42.2739,67.7129,59.6966,41.2819,48.433,54.6464,42.8572,67.8643,59.344,43.3535,45.0549,57.485,42.32,67.5055,58.2543,43.7722,42.735,60.7817,42.0632,67.6923,57.8362,44.3582,40.076,63.1003,41.215,67.4169,56.9953,43.9355,37.8632,64.694,40.3135,67.361,56.6599,43.4633,35.7809,65.9523,39.3095,67.3504,56.4703,42.718,29.0598,69.8981,35.18,67.7573,56.1809,38.8423,23.8248,72.8061,31.1841,68.5815,56.6377,34.6974
F-B8: Boost Arg+Prec+Ratio ×2  n=9  scheme=augmented,44.4568,8,59.0637,78.4935,54.7684,234,51.3675,50.6576,42.3958,67.8881,60.0888,41.4197,48.2194,54.3926,42.6704,67.7965,59.3222,43.1623,45.5433,58.6917,42.8766,68.155,58.7933,44.2467,42.735,61.5203,42.2789,68.0127,58.0487,44.3582,40.4084,63.6754,41.6376,67.8693,57.5096,44.2998,38.2906,65.2678,40.7892,67.8801,57.2573,43.9539,36.0917,66.3574,39.6594,67.7759,56.9401,43.0891,29.4302,70.5846,35.6357,68.3359,56.8142,39.3374,24.1667,73.739,31.6561,69.2537,57.2989,35.1953
F-B8: Boost Arg+Prec+Ratio ×2  n=10  scheme=binary,44.4568,8,58.2796,77.9651,53.8955,234,50.8547,50.0443,41.8827,67.1226,59.2247,41.0062,47.792,53.8923,42.2636,67.0818,58.4714,42.7797,45.3602,57.8108,42.6334,67.427,58.0597,44.0688,42.735,61.0555,42.2002,67.4868,57.438,44.3582,40.1709,62.8995,41.3269,67.153,56.697,44.0396,38.1624,65.3596,40.6555,67.4202,56.5441,43.8067,35.7809,66.3367,39.3732,67.2181,56.1312,42.718,29.2593,70.2471,35.412,67.753,56.0889,39.1089,23.9744,73.2726,31.4047,68.6057,56.5003,34.9152
F-B3: Boost Prec+Ratio ×5  n=5  scheme=binary,44.4012,8,59.2918,79.0785,54.7174,234,51.5385,50.6812,42.4682,68.3841,60.7216,41.5575,48.433,54.9092,42.9911,68.4001,60.0077,43.3535,45.2991,57.8483,42.5187,68.2043,59.1573,44.0095,42.6816,61.0901,42.1052,68.2168,58.487,44.3027,40.1235,63.3962,41.3328,68.0044,57.7423,43.9875,38.2906,65.3292,40.7814,68.2049,57.6336,43.9539,36.014,66.8235,39.6193,68.174,57.2822,42.9963,29.1453,70.0537,35.2871,68.3524,56.9529,38.9566,23.9744,73.148,31.373,69.2741,57.5023,34.9152
F-B3: Boost Prec+Ratio ×5  n=9  scheme=augmented,44.4012,8,58.053,78.0466,53.5731,234,50.7692,50.2093,41.8788,67.0924,59.0553,40.9373,47.792,54.143,42.2985,67.124,58.4217,42.7797,44.9328,57.3385,42.1854,67.0851,57.6106,43.6536,42.6816,61.1648,42.0947,67.4327,57.2752,44.3027,39.981,62.7694,41.0412,66.9755,56.4312,43.8313,37.9915,64.7337,40.4134,67.1197,56.2898,43.6105,35.6255,65.7096,39.1239,66.915,55.8566,42.5325,29.1168,69.8353,35.2123,67.4554,55.7458,38.9185,24.0598,73.2622,31.4494,68.495,56.3286,35.0397
F-B8: Boost Arg+Prec+Ratio ×2  n=9  scheme=binary,44.4012,8,58.5699,78.4722,54.2286,234,51.1966,50.3612,42.191,67.5971,59.7219,41.2819,47.8632,54.1304,42.3824,67.4177,58.8109,42.8435,45.2991,57.689,42.5318,67.623,58.3061,44.0095,42.6816,61.0685,42.1752,67.694,57.6395,44.3027,40.1709,62.9568,41.3417,67.3944,56.964,44.0396,38.1624,65.153,40.6724,67.5994,56.8255,43.8067,36.014,66.6961,39.6235,67.6344,56.5758,42.9963,29.2023,70.2163,35.3724,67.9452,56.3202,39.0327,23.9744,73.2004,31.3863,68.8128,56.7855,34.9152
A6: Argument + Precedent + Ratio,44.3715,7,55.946,77.4505,51.9774,232,52.2414,49.7771,42.6632,66.8819,58.8614,41.9377,48.4914,53.0604,42.4842,66.4011,57.7158,43.2277,45.7512,56.3976,42.5428,66.4507,57.1331,44.2789,42.403,58.6013,41.6007,65.8509,55.8647,43.8562,39.9425,60.3661,40.807,65.488,55.0291,43.6421,37.6293,61.8323,39.8135,65.322,54.5318,43.058,35.4624,63.735,38.8675,65.4107,54.2376,42.2108,29.0805,68.5618,35.2277,66.182,54.1594,38.7739,23.7069,71.6328,31.0659,66.9478,54.4806,34.4558
E: Fact+Arg+Prec+Ratio  n=2  scheme=augmented,44.1789,8,58.1664,79.4786,54.1684,234,51.5385,50.7937,42.588,68.2393,60.196,41.5575,47.9345,54.6852,42.6554,67.9363,59.1466,42.9072,45.2381,58.5024,42.6975,68.1818,58.7568,43.9502,42.4679,60.6409,41.9235,67.8856,57.9568,44.081,39.7911,62.7789,40.9679,67.5558,57.0791,43.6231,37.5214,64.1521,39.9517,67.4048,56.67,43.0709,35.5866,66.0131,39.2073,67.6033,56.4929,42.4861,28.7464,69.0676,34.8605,67.7216,56.0465,38.4235,23.5684,73.3076,30.9531,68.8384,56.4793,34.3239
F-B3: Boost Prec+Ratio ×5  n=2  scheme=augmented,44.1789,8,58.9325,79.6557,55.0025,234,51.453,51.3323,42.6012,68.7016,60.7762,41.4886,48.1481,55.3247,42.9034,68.5858,59.8771,43.0985,45.2381,58.5047,42.7382,68.5509,59.3235,43.9502,42.4679,61.3486,42.1688,68.4226,58.5927,44.081,39.9335,63.008,41.2107,68.0526,57.846,43.7793,38.0769,65.3341,40.7222,68.3338,57.6966,43.7086,35.9363,66.9858,39.6587,68.4016,57.4296,42.9035,29.0313,70.1169,35.2408,68.5549,56.9928,38.8043,23.3761,72.5441,30.7542,69.0516,57.1154,34.0439
F-B3: Boost Prec+Ratio ×5  n=8  scheme=binary,44.1789,8,58.1811,78.2116,53.3043,234,50.9402,50.3525,42.0134,67.3779,59.3323,41.0751,47.792,54.1975,42.3429,67.2907,58.6428,42.7797,44.9328,57.3645,42.2041,67.244,57.9031,43.6536,42.4679,60.5981,41.8543,67.3489,57.3126,44.081,39.886,62.385,40.9268,66.9881,56.5685,43.7272,37.9487,64.6524,40.3465,67.2219,56.4627,43.5614,35.8197,66.0159,39.3594,67.2145,56.1976,42.7644,29.0598,69.8648,35.1655,67.5856,55.9487,38.8423,23.8889,72.7781,31.2505,68.4354,56.4185,34.7907
F-B3: Boost Prec+Ratio ×5  n=9  scheme=binary,44.1789,8,58.0343,78.1783,53.3913,234,50.6838,50.2334,41.8527,67.1869,59.1309,40.8684,47.4359,53.7069,41.9528,66.9688,58.3259,42.4609,44.8718,57.321,42.1555,67.1566,57.7535,43.5943,42.4679,60.6262,41.8706,67.305,57.2388,44.081,39.8386,62.221,40.854,66.8726,56.4374,43.6752,37.735,64.3459,40.1189,66.9965,56.2015,43.3162,35.6643,65.7758,39.1712,67.0373,56.0079,42.5788,29.0313,69.6923,35.1239,67.4662,55.8308,38.8043,23.7393,72.4094,31.0395,68.2018,56.187,34.5729
F-B3: Boost Prec+Ratio ×5  n=10  scheme=augmented,44.1234,8,57.8875,77.8055,53.3158,234,50.6838,50.0531,41.7339,66.968,58.9734,40.8684,47.5783,53.8238,42.0708,66.8733,58.2089,42.5885,44.8107,57.293,42.11,66.9347,57.4745,43.535,42.4145,60.8793,41.8246,67.1725,57.0115,44.0255,39.886,62.6545,40.9518,66.8224,56.2871,43.7272,37.906,64.5683,40.2987,66.9618,56.117,43.5124,35.5089,65.5866,39.0049,66.7584,55.6882,42.3933,29.0883,69.7053,35.1582,67.3213,55.6273,38.8804,23.9103,72.9322,31.2707,68.2523,56.0782,34.8218
E: Fact+Arg+Prec+Ratio  n=3  scheme=log,44.101,7,58.9879,79.153,55.002,234,51.8803,50.8095,42.6407,68.729,61.1764,41.8332,48.433,54.3547,42.7156,68.4675,60.1859,43.3535,45.2991,57.8957,42.5306,68.3988,59.3988,44.0095,42.2543,60.1378,41.6969,67.9841,58.3766,43.8592,39.9335,62.2154,41.0115,67.7971,57.6547,43.7793,37.7778,64.8047,40.3134,68.0138,57.3756,43.3652,35.4701,65.9678,39.0976,67.8865,56.9749,42.3469,29.2308,70.1203,35.3768,68.557,57.024,39.0708,23.6538,72.9898,31.0413,69.1998,57.2447,34.4484
A0: Baseline — original docs (no RR),44.0908,9,59.0602,79.6009,54.7933,234,52.0513,51.2534,42.9189,68.8215,61.0467,41.9711,48.433,54.6776,42.8733,68.4164,59.909,43.3535,45.0549,57.9597,42.4296,68.1801,58.9451,43.7722,42.1474,60.857,41.751,67.9711,58.0176,43.7483,40.1235,63.3302,41.3693,68.0131,57.5753,43.9875,38.1624,65.977,40.7643,68.3604,57.4723,43.8067,36.1305,67.2394,39.7769,68.3704,57.2083,43.1354,29.3162,70.8011,35.5648,68.6769,56.9095,39.1851,23.8675,73.5169,31.3313,69.3814,57.262,34.7596
A1: All roles (full RR doc),44.0908,9,59.0602,79.6009,54.7933,234,52.0513,51.2534,42.9189,68.8215,61.0467,41.9711,48.433,54.6776,42.8733,68.4164,59.909,43.3535,45.0549,57.9597,42.4296,68.1801,58.9451,43.7722,42.1474,60.857,41.751,67.9711,58.0176,43.7483,40.1235,63.3302,41.3693,68.0131,57.5753,43.9875,38.1624,65.977,40.7643,68.3604,57.4723,43.8067,36.1305,67.2394,39.7769,68.3704,57.2083,43.1354,29.3162,70.8011,35.5648,68.6769,56.9095,39.1851,23.8675,73.5169,31.3313,69.3814,57.262,34.7596
"A2: All roles, label prefix stripped",44.0908,9,59.0602,79.6009,54.7933,234,52.0513,51.2534,42.9189,68.8215,61.0467,41.9711,48.433,54.6776,42.8733,68.4164,59.909,43.3535,45.0549,57.9597,42.4296,68.1801,58.9451,43.7722,42.1474,60.857,41.751,67.9711,58.0176,43.7483,40.1235,63.3302,41.3693,68.0131,57.5753,43.9875,38.1624,65.977,40.7643,68.3604,57.4723,43.8067,36.1305,67.2394,39.7769,68.3704,57.2083,43.1354,29.3162,70.8011,35.5648,68.6769,56.9095,39.1851,23.8675,73.5169,31.3313,69.3814,57.262,34.7596
F-B3: Boost Prec+Ratio ×5  n=2  scheme=log,44.0678,8,57.8527,79.0151,54.002,234,51.7949,51.6961,42.9612,68.3843,60.1712,41.7643,48.5043,55.0904,43.0164,68.1514,59.1641,43.4173,45.2381,58.0303,42.6078,67.88,58.3912,43.9502,42.3611,60.136,41.8279,67.499,57.5576,43.9701,39.8386,62.0387,41.0174,67.169,56.7897,43.6752,37.4786,64.036,40.0322,67.154,56.3501,43.0218,35.4701,65.9392,39.0961,67.3335,56.1115,42.3469,28.604,69.8912,34.799,67.6377,55.6593,38.2331,23.2906,72.7904,30.6503,68.3895,56.0295,33.9194
A10: All except RulingByLowerCourt,44.0122,8,58.6971,79.734,54.0209,234,51.5385,50.8711,42.5342,68.4175,60.58,41.5575,48.0769,54.4788,42.5738,68.1544,59.6254,43.0347,44.8718,57.815,42.2405,68.0143,58.7006,43.5943,42.3077,60.3273,41.7507,67.886,57.9836,43.9146,40.0285,62.7358,41.0969,67.8065,57.3414,43.8834,37.8205,64.9066,40.2884,67.8819,57.0253,43.4143,35.5478,66.0439,39.0994,67.7504,56.6374,42.4397,29.0598,69.7324,35.2091,68.1821,56.4428,38.8423,23.6538,72.7991,31.0713,68.9681,56.789,34.4484
"B9: Downweight RulingByLower (keep others ×1, lower ×0 skip)",44.0122,8,58.6971,79.734,54.0209,234,51.5385,50.8711,42.5342,68.4175,60.58,41.5575,48.0769,54.4788,42.5738,68.1544,59.6254,43.0347,44.8718,57.815,42.2405,68.0143,58.7006,43.5943,42.3077,60.3273,41.7507,67.886,57.9836,43.9146,40.0285,62.7358,41.0969,67.8065,57.3414,43.8834,37.8205,64.9066,40.2884,67.8819,57.0253,43.4143,35.5478,66.0439,39.0994,67.7504,56.6374,42.4397,29.0598,69.7324,35.2091,68.1821,56.4428,38.8423,23.6538,72.7991,31.0713,68.9681,56.789,34.4484
F-B8: Boost Arg+Prec+Ratio ×2  n=2  scheme=augmented,43.9567,8,58.5562,78.9889,54.6334,234,51.453,51.3291,42.598,68.4158,60.4476,41.4886,47.8632,54.8444,42.5307,68.0648,59.2931,42.8435,45.0549,58.2066,42.5053,68.102,58.8034,43.7722,42.2543,61.2745,42.0114,68.0104,58.0836,43.8592,39.886,63.423,41.2305,67.8266,57.4367,43.7272,38.0769,65.7896,40.7343,68.1546,57.3355,43.7086,35.9751,67.0957,39.7165,68.1505,57.0619,42.9499,28.9744,70.0427,35.1776,68.2204,56.5779,38.7281,23.3761,72.5273,30.752,68.7516,56.7282,34.0439
E: Fact+Arg+Prec+Ratio  n=2  scheme=binary,43.7899,8,57.4912,78.9768,53.8327,234,51.1111,49.7611,42.1286,67.484,59.6409,41.213,47.5783,54.072,42.3743,67.3114,58.5918,42.5885,44.9328,57.5829,42.2758,67.5165,58.1412,43.6536,42.094,59.9492,41.5552,67.2374,57.3012,43.6928,39.3637,61.9872,40.5284,66.8573,56.4061,43.1546,37.3077,63.6525,39.747,66.8599,56.1086,42.8256,35.1981,65.0814,38.752,66.8698,55.8019,42.0223,28.4615,68.7795,34.4936,67.1482,55.374,38.0427,23.3333,72.3425,30.6253,68.1248,55.7859,33.9816
F-B3: Boost Prec+Ratio ×5  n=10  scheme=binary,43.7777,9,57.5112,77.4839,52.7909,234,50.5128,49.7519,41.5454,66.6707,58.7076,40.7305,47.151,53.1431,41.5689,66.3797,57.7231,42.2059,44.3834,56.8751,41.7189,66.4796,57.0058,43.1198,41.9872,59.8332,41.4108,66.5369,56.4736,43.5819,39.8386,62.2089,40.8578,66.5145,55.99,43.6752,37.8205,64.7797,40.2265,66.7919,55.8095,43.4143,35.3924,65.7804,38.895,66.5788,55.3723,42.2542,28.9459,69.4316,34.9895,67.012,55.2643,38.69,23.6538,72.2688,30.9375,67.7774,55.6495,34.4484
F-B8: Boost Arg+Prec+Ratio ×2  n=2  scheme=binary,43.6788,8,57.8231,78.637,53.563,234,51.1966,50.7142,42.2747,67.8117,59.7328,41.2819,47.5783,54.6078,42.3109,67.5146,58.7098,42.5885,44.3223,57.2879,41.7755,67.1774,57.9114,43.0605,41.9872,60.3098,41.5947,67.2689,57.3422,43.5819,39.6486,63.2282,41.0045,67.2891,56.7392,43.4669,37.735,65.3974,40.4066,67.5061,56.5946,43.3162,35.7032,66.745,39.4439,67.5449,56.3066,42.6252,28.7749,69.8234,34.9708,67.6758,55.9041,38.4615,23.1838,72.183,30.5109,68.1617,56.0206,33.7638
F-B3: Boost Prec+Ratio ×5  n=2  scheme=binary,43.5677,8,57.9675,78.913,54.1652,234,51.0256,50.529,42.1109,67.8523,59.8069,41.144,47.4359,54.1449,42.1414,67.4807,58.7693,42.4609,44.3834,57.4304,41.8609,67.3968,58.106,43.1198,41.8803,60.0818,41.4512,67.3167,57.432,43.471,39.5062,62.7192,40.8313,67.2523,56.7937,43.3108,37.8205,65.4304,40.4693,67.698,56.8184,43.4143,35.5866,66.5605,39.3043,67.5943,56.4154,42.4861,28.7464,69.753,34.9275,67.7797,56.0395,38.4235,23.2479,72.2932,30.5866,68.3536,56.1977,33.8572
A5: Fact + Precedent + Ratio,43.4009,8,55.879,77.6515,51.5984,234,50.3419,49.2108,41.3504,66.089,57.8387,40.5927,47.151,52.8408,41.5652,65.9482,56.9367,42.2059,44.1392,56.0151,41.308,65.802,56.1204,42.8826,41.7201,58.429,40.8938,65.6861,55.5261,43.3047,38.9839,60.0845,39.8685,65.1761,54.5573,42.7382,36.8803,62.1887,39.0948,65.2735,54.232,42.3351,34.8873,64.1816,38.2754,65.4664,54.0522,41.6512,28.4615,67.725,34.371,65.8283,53.8619,38.0427,23.141,70.8726,30.2742,66.5777,54.1015,33.7016
C1: Label role term ×3 for Precedent+Ratio,43.3454,8,57.7857,78.2975,53.3607,234,51.453,50.7356,42.3637,67.8788,60.156,41.4886,47.4359,54.1175,42.1226,67.2626,58.765,42.4609,43.8339,56.8255,41.3207,66.7783,57.4922,42.586,41.6667,60.0081,41.2658,66.9417,57.1001,43.2492,39.3162,62.0425,40.5196,66.7335,56.4248,43.1026,37.4359,64.4119,39.9729,66.9964,56.25,42.9728,35.3147,65.8706,38.916,67.0279,55.977,42.1614,28.6895,70.0919,34.8613,67.5119,55.6719,38.3473,23.2906,72.661,30.6277,68.1353,55.9142,33.9194
C2: Label role term ×5 for Precedent+Ratio,43.3454,8,57.8187,78.303,53.3607,234,51.5385,50.7745,42.4171,67.9412,60.2543,41.5575,47.4359,54.1175,42.1226,67.2722,58.7875,42.4609,43.895,56.8789,41.3777,66.8262,57.5552,42.6453,41.6667,60.0081,41.2658,66.9517,57.1218,43.2492,39.3162,62.0425,40.5196,66.7429,56.4446,43.1026,37.5214,64.4689,40.0413,67.06,56.3374,43.0709,35.3535,65.8991,38.9488,67.0634,56.0257,42.2078,28.7179,70.1393,34.897,67.5563,55.7296,38.3854,23.2906,72.661,30.6277,68.155,55.9481,33.9194
C3: Label role term ×10 for Precedent+Ratio,43.2038,9,57.7763,78.2424,53.3418,234,51.6239,50.7982,42.4542,67.9576,60.2899,41.6265,47.4359,54.1175,42.1226,67.2365,58.7495,42.4609,43.8339,56.8179,41.3166,66.7509,57.5068,42.586,41.5064,59.8369,41.1028,66.8013,56.9643,43.0829,39.3162,62.0425,40.5196,66.6992,56.3893,43.1026,37.5214,64.4689,40.0413,67.0161,56.2818,43.0709,35.4312,66.3799,39.0651,67.1689,56.0378,42.3006,28.7179,70.1393,34.897,67.5184,55.6809,38.3854,23.2906,72.661,30.6277,68.1178,55.901,33.9194
C5: Label role term ×3 for Fact+Prec+Ratio,43.0784,10,57.0742,78.1356,52.3562,234,50.6838,49.9834,41.7109,66.9599,58.9535,40.8684,47.151,53.8632,41.824,66.6894,57.9,42.2059,43.895,57.2596,41.4657,66.5367,56.8889,42.6453,41.3462,59.6922,40.9705,66.3574,56.2269,42.9166,39.0788,61.8395,40.3164,66.2134,55.7158,42.8423,37.4359,64.601,40.0231,66.6778,55.6694,42.9728,35.1593,65.5524,38.7068,66.5175,55.2428,41.9759,28.49,69.6834,34.6061,66.9616,54.9656,38.0807,23.0983,72.2812,30.397,67.5781,55.1978,33.6393
C4: Label role term ×5 for all roles,42.7342,10,56.6731,77.8841,52.2448,234,50.2564,49.7428,41.4059,66.4892,58.4396,40.5238,47.0085,53.8758,41.7714,66.4156,57.4633,42.0784,43.8339,57.1176,41.3549,66.2795,56.5782,42.586,40.9722,59.3255,40.6113,65.8992,55.7442,42.5284,38.8889,61.9608,40.164,65.9427,55.2242,42.634,37.1368,64.3821,39.7591,66.2713,55.1201,42.6294,34.965,65.2879,38.5176,66.1466,54.7744,41.744,28.3761,69.5884,34.5023,66.6624,54.5521,37.9284,22.9487,71.893,30.1882,67.1729,54.7307,33.4215
E: Fact+Arg+Prec+Ratio  n=2  scheme=log,42.5674,8,57.0499,79.3116,52.7233,234,50.4274,49.8372,41.5222,67.2963,59.1137,40.6616,46.9373,53.2768,41.5404,66.9356,58.0598,42.0147,43.7118,56.2051,41.1814,66.6339,57.2118,42.4674,40.9188,58.2271,40.4008,66.2474,56.3026,42.473,38.5565,61.062,39.8202,66.2326,55.5764,42.2697,36.0684,63.3152,38.7352,66.1986,55.0508,41.403,34.0715,64.5254,37.7297,66.1878,54.7807,40.6772,28.3191,69.5436,34.4732,67.2354,55.0331,37.8522,22.9487,71.9984,30.2332,67.8268,55.2364,33.4215
A4: Precedent + RatioOfTheDecision,42.0424,7,52.0018,75.8338,48.3855,232,49.4828,46.0421,40.0638,63.3835,55.0212,39.792,46.1925,49.8751,40.3468,63.1428,53.9058,41.2576,43.3498,52.6076,40.1095,62.9357,53.1192,42.0424,40.194,54.1887,39.0554,62.2231,51.9236,41.6643,37.7874,56.4918,38.3959,61.9761,51.1275,41.3847,35.6034,58.6537,37.6284,61.9894,50.6337,40.8405,33.4639,59.8465,36.5674,61.8646,50.2254,39.9345,27.4425,64.5528,33.0683,62.5709,50.0651,36.6955,22.4138,68.3478,29.3646,63.5239,50.4124,32.6787
A9: Statute + Precedent + Ratio,41.3847,9,51.7088,76.2347,47.7698,232,48.4483,45.4576,39.2982,62.6121,53.861,38.9601,45.4023,49.8184,39.869,62.6158,53.0047,40.5518,42.0567,52.0497,39.1456,62.0517,51.8209,40.7883,39.8168,54.6096,38.888,62.0047,51.1873,41.2734,37.7874,56.7454,38.4634,61.8898,50.6727,41.3847,35.6034,58.5815,37.6191,61.8306,50.2604,40.8405,33.5815,60.365,36.7322,61.9108,49.992,40.0748,27.3276,64.1873,32.9981,62.3135,49.6669,36.5418,22.3707,68.6295,29.3844,63.4333,50.0535,32.6159
A11: Fact + Argument + Ratio (no Precedent),40.626,6,53.1217,76.7273,48.9354,234,48.3761,48.3379,39.8851,64.0867,55.4612,39.0076,45.2991,51.9279,40.1196,63.9302,54.4396,40.5483,41.6972,53.6059,39.0036,63.1249,53.1066,40.5101,38.8889,56.1933,38.3767,62.8168,52.1091,40.366,36.5622,58.2465,37.6104,62.5549,51.3556,40.0833,34.6154,60.0017,36.8546,62.5882,51.023,39.7351,32.7117,61.4303,36.0294,62.6213,50.7837,39.0538,27.037,66.2522,32.8823,63.4802,50.8152,36.1386,22.0513,69.2935,29.0487,64.264,51.1383,32.1145
A12: Fact + Argument + Ratio + Judgment,40.5349,7,53.2746,76.743,49.6368,234,48.2906,47.8207,39.6597,64.0505,55.5862,38.9387,45.0855,51.5182,39.9466,63.824,54.4746,40.357,41.6361,53.7562,39.0634,63.2169,53.2476,40.4508,38.8355,56.1065,38.3144,62.8714,52.2716,40.3105,36.6572,58.1937,37.6622,62.671,51.58,40.1874,34.5726,59.9356,36.8057,62.6497,51.1868,39.686,32.5952,61.3086,35.918,62.6371,50.9039,38.9147,27.0085,66.1889,32.8568,63.5436,50.9681,36.1005,22.0085,69.2687,29.0035,64.3313,51.2609,32.0523
A7: RatioOfTheDecision only,37.2748,8,45.1712,72.4261,43.1966,229,44.5415,40.1901,35.3834,57.1989,48.4535,35.6021,41.1936,43.3405,35.4317,56.6109,46.8002,36.5869,38.4279,45.5294,35.0993,56.1612,45.7369,37.0749,36.1354,47.9791,34.8331,55.943,44.8927,37.2748,33.7215,49.4901,33.9025,55.4318,43.9691,36.7628,31.8777,52.0242,33.4505,55.5939,43.6312,36.409,30.0913,53.9968,32.7356,55.7536,43.3164,35.7632,24.7744,58.0156,29.7972,56.3435,43.1158,33.0165,20.2838,61.2902,26.4968,57.168,43.3572,29.4921
"D5: Ratio×4, Precedent×2, Fact×1",37.1214,8,43.3718,68.6743,41.7882,234,43.8462,38.5096,34.5463,54.9089,46.2181,35.3549,40.6695,42.07,34.7661,54.4614,44.7399,36.4042,37.9731,44.3951,34.5584,54.0513,43.7728,36.8921,35.6838,46.4279,34.1361,53.7264,42.9049,37.0391,33.4283,48.0745,33.4733,53.2718,42.0518,36.6476,31.7949,49.5544,33.0194,53.2662,41.7549,36.4974,30.303,51.565,32.607,53.5577,41.5896,36.1781,24.7863,56.6483,29.6487,54.3365,41.4639,33.1302,20.0641,59.0057,26.0758,54.843,41.5799,29.2205
D4: Only Precedent+Ratio+Fact equal,36.1961,7,42.5249,68.6014,39.8991,234,42.906,38.3865,33.7593,54.2703,45.3584,34.5968,39.9573,41.5811,34.1564,53.7523,43.9728,35.7667,37.1795,44.119,33.9512,53.3272,42.8752,36.121,34.5085,45.9682,33.2844,52.7306,41.7345,35.8192,32.5736,47.5172,32.6993,52.4189,40.9943,35.7106,30.8974,49.6544,32.3454,52.562,40.7658,35.4673,29.1764,50.7986,31.582,52.5227,40.4733,34.833,24.0171,54.7878,28.7612,53.1394,40.3541,32.1021,19.765,58.5406,25.7397,54.1334,40.6205,28.7848
"D3: Precedent×3, Ratio×3, Fact×1, rest×0.5",27.7299,8,29.8966,56.3261,30.4731,234,32.4786,26.3608,24.1202,41.3713,34.0837,26.1888,29.9145,27.8077,23.9574,40.4176,32.5998,26.7772,28.2662,30.0482,24.3201,40.2434,31.7904,27.4614,26.656,31.645,24.1554,39.9198,30.9562,27.6684,25.1187,33.5017,23.9569,39.6957,30.2863,27.5377,23.547,34.1208,23.3145,39.3247,29.7635,27.0297,22.1057,35.032,22.6976,39.1357,29.3098,26.3915,18.0912,37.3922,20.739,39.0662,28.6928,24.1813,14.6581,39.3284,18.4098,39.3448,28.5274,21.3474
A8: Precedent only,27.4221,6,28.2765,61.5341,27.3733,216,34.0741,26.7586,24.9985,42.7655,33.9221,26.5992,31.5586,29.6081,25.3488,42.0582,32.3956,27.4221,28.7037,31.1033,24.7303,40.9625,30.7151,27.1335,26.5625,32.3188,24.2062,40.1618,29.5251,26.8814,24.8457,33.4413,23.8259,39.5343,28.5571,26.6042,23.3333,34.5333,23.3428,39.2604,27.9547,26.2022,21.8013,34.9797,22.5904,38.906,27.4274,25.4984,18.1481,38.8128,21.0739,39.3867,26.9737,23.8685,15.0694,41.5936,19.2144,40.0607,26.9461,21.6747
"D2: Precedent×2, Ratio×2, others×1",22.0061,8,22.6898,47.2369,22.1147,234,24.7863,20.3639,18.3659,31.4629,23.8921,19.9862,23.8604,22.853,19.2368,31.6243,23.2534,21.358,22.5885,24.7359,19.4935,31.5669,22.8337,21.9454,21.1538,25.7262,19.2159,31.2126,22.2587,21.9573,19.8006,26.868,18.8652,30.939,21.7602,21.7074,18.547,27.889,18.4442,30.7786,21.3885,21.2902,17.4437,28.7193,17.9691,30.681,21.1244,20.8256,14.7578,32.1098,16.9885,31.1742,20.987,19.7258,12.3932,34.4229,15.5689,31.7451,21.0509,18.0489
D1: Equal weight all roles,18.5538,11,19.3606,41.7267,18.9723,234,20.4274,16.6612,14.9632,26.1798,19.416,16.4714,19.5869,18.9702,15.8276,26.2848,18.8447,17.5327,18.5592,20.959,16.1102,26.3728,18.4077,18.0308,17.4145,21.7589,15.8705,26.1178,17.9858,18.076,16.5717,22.7566,15.8403,26.0422,17.6819,18.1676,16.0256,24.3786,16.0034,26.3235,17.5721,18.3959,15.5012,26.2224,16.1297,26.7098,17.5515,18.5065,13.1339,29.1222,15.2238,27.1675,17.4367,17.5552,11.0897,31.5056,13.999,27.7738,17.4942,16.1506
